Kdy,Teplota,Vlhkost
2017-03-26 17:45:13,9.3,
2017-03-26 23:59:55,-0.9,
2017-03-27 05:19:55,-3.3,
2017-03-27 15:59:55,13.3,
2017-03-28 06:24:55,-1.6,
2017-03-28 13:49:54,16.1,
2017-03-29 05:39:54,1.6,
2017-03-29 12:34:54,17.2,
2017-03-30 12:54:54,17.8,
2017-03-30 23:54:53,8.1,
2017-03-31 06:14:53,3.1,
2017-03-31 13:54:53,16.5,
2017-04-01 05:44:53,6.1,
2017-04-01 11:29:53,18.1,
2017-04-02 06:34:53,4.3,
2017-04-02 14:54:52,18.9,
2017-04-03 00:14:52,6.8,
2017-04-03 12:34:52,19.5,
2017-04-04 05:24:52,6.6,
2017-04-04 15:09:51,16.3,
2017-04-05 03:44:51,7.7,
2017-04-05 13:54:51,14.6,
2017-04-06 17:04:50,9.5,
2017-04-06 21:44:50,4.7,
2017-04-14 14:14:47,13.9,
2017-04-14 23:54:46,2.7,
2017-04-15 00:44:47,1.9,
2017-04-15 16:44:46,13.9,
2017-04-16 14:44:46,11.9,
2017-04-16 23:59:45,-0.3,
2017-04-17 05:09:45,-1.9,
2017-04-17 11:04:45,10.1,
2017-04-18 05:39:45,-0.6,
2017-04-18 07:14:45,11.3,
2017-04-19 10:14:44,2.8,
2017-04-19 13:54:44,-0.1,
2017-04-20 14:04:44,4.6,
2017-04-20 23:54:43,-4.4,
2017-04-21 02:44:43,-5.3,
2017-04-21 14:44:44,10.2,
2017-04-22 10:34:43,12,
2017-04-22 23:54:43,3.3,
2017-04-23 12:34:42,9.8,
2017-04-23 23:59:42,-0.6,
2017-04-24 01:39:42,-0.8,
2017-04-24 12:20:02,11.5,
2017-04-25 05:05:02,-1.1,
2017-04-25 13:20:03,14.5,
2017-04-26 00:00:02,8.7,
2017-04-26 22:30:02,4.7,
2017-04-27 05:30:02,3.3,
2017-04-27 13:50:02,8.9,
2017-04-28 06:00:02,1.4,
2017-04-28 16:20:03,5.1,
2017-04-29 04:20:02,1.7,
2017-04-29 13:30:03,12.9,
2017-04-30 05:30:02,1.7,
2017-04-30 11:20:02,15.1,
2017-05-01 01:10:02,4.7,
2017-05-01 07:40:02,17.7,
2017-05-02 17:00:02,15.9,
2017-05-02 23:50:02,4.6,
2017-05-03 05:00:02,2.3,
2017-05-03 14:00:02,18.7,
2017-05-04 15:55:02,17.7,
2017-05-04 22:00:02,9.4,
2017-05-05 05:40:02,8.1,
2017-05-05 17:00:02,19.3,
2017-05-06 05:30:02,9.3,
2017-05-06 12:40:03,19.8,
2017-05-07 05:30:03,8,
2017-05-07 08:00:02,19.3,
2017-05-08 05:00:02,3.6,
2017-05-08 07:30:02,25.7,
2017-05-09 13:30:02,9.4,
2017-05-09 23:55:02,-0.4,
2017-05-10 04:45:02,-2.4,
2017-05-10 13:40:02,13.6,
2017-05-11 05:13:16,0.1,
2017-05-11 15:10:02,17.3,
2017-05-12 05:40:02,10.2,
2017-05-12 17:55:02,20.4,
2017-05-13 03:10:02,8.5,
2017-05-13 12:50:03,22.7,
2017-05-14 04:10:02,8.5,
2017-05-14 14:35:02,21.9,
2017-05-15 14:20:02,21.3,
2017-05-15 23:50:02,9.6,
2017-05-16 02:30:02,8.4,
2017-05-16 15:20:02,21.4,
2017-05-17 11:45:02,22.3,
2017-05-17 23:40:02,9.1,
2017-05-18 05:10:02,6.1,
2017-05-18 07:30:02,32.6,
2017-05-19 05:00:03,8.9,
2017-05-19 07:15:02,35.1,
2017-05-20 01:00:03,16.4,
2017-05-20 09:30:03,13.3,
2017-05-21 17:40:02,20,
2017-05-21 23:50:02,9.6,
2017-05-22 04:10:02,6.1,
2017-05-22 07:55:02,23.4,
2017-05-23 05:10:02,9.7,
2017-05-23 11:10:02,23.2,
2017-05-24 11:50:02,18,
2017-05-24 23:40:02,7.4,
2017-05-25 01:50:02,5.6,
2017-05-25 13:40:02,19.5,
2017-05-26 05:00:02,6.6,
2017-05-26 07:25:02,26,
2017-05-27 05:10:04,8.6,
2017-05-27 07:50:02,24.3,
2017-05-28 04:50:02,7.1,
2017-05-28 07:20:03,24.9,
2017-05-29 04:30:02,7.4,
2017-05-29 07:20:02,25.3,
2017-05-30 04:40:02,12.9,
2017-05-30 07:35:02,35.8,
2017-05-31 07:45:02,29.7,
2017-05-31 23:40:02,13.7,
2017-06-01 07:35:02,31.7,
2017-06-01 23:50:02,11,
2017-06-02 04:20:02,7.9,
2017-06-02 07:40:02,29.9,
2017-06-03 04:50:02,9.6,
2017-06-03 07:40:02,32.9,
2017-06-04 04:50:02,11.8,
2017-06-04 07:30:02,26.9,
2017-06-05 07:30:02,25.4,
2017-06-05 21:20:02,15.6,
2017-06-06 12:10:02,25.7,
2017-06-06 23:10:02,13.6,
2017-06-07 13:40:03,20.1,
2017-06-07 23:50:02,8.6,
2017-06-08 05:00:03,6,
2017-06-08 14:30:02,20.9,
2017-06-09 04:40:04,7.4,
2017-06-09 07:55:02,25.3,
2017-06-10 16:30:02,22.6,
2017-06-10 23:40:03,11.1,
2017-06-11 04:20:02,8.6,
2017-06-11 07:35:02,27.6,
2017-06-12 03:30:02,10.6,
2017-06-12 07:45:03,32.1,
2017-06-13 04:50:02,10.5,
2017-06-13 08:10:02,29,
2017-06-14 05:00:02,8.4,
2017-06-14 08:00:02,28.1,
2017-06-15 04:00:02,7.9,
2017-06-15 08:05:02,30.9,
2017-06-16 01:20:02,11.9,
2017-06-16 12:30:02,24.3,
2017-06-17 03:28:58,11,
2017-06-17 07:30:03,20.1,
2017-06-18 01:40:02,9.4,
2017-06-18 07:45:02,28,
2017-06-19 04:40:02,10,
2017-06-19 07:40:03,35.4,
2017-06-20 04:40:02,11.9,
2017-06-20 07:40:02,41.1,
2017-06-21 04:30:02,16.3,
2017-06-21 07:45:02,32.5,
2017-06-22 05:10:02,12.3,
2017-06-22 17:20:02,30.4,
2017-06-23 03:40:02,15.9,
2017-06-23 16:20:02,25.2,
2017-06-24 04:30:02,12.7,
2017-06-24 17:20:02,27.6,
2017-06-25 04:20:02,13.1,
2017-06-25 08:10:02,26.4,
2017-06-26 03:20:02,15.1,
2017-06-26 15:50:02,25.8,
2017-06-27 05:20:02,15.3,
2017-06-27 12:10:04,26.9,
2017-06-28 03:11:38,16.7,
2017-06-28 15:25:02,29.7,
2017-06-29 08:20:02,26.4,
2017-06-29 23:50:02,13.4,
2017-06-30 00:40:03,13,
2017-06-30 19:00:02,23.3,
2017-07-01 05:20:02,11.6,
2017-07-01 13:00:02,23.3,
2017-07-02 02:30:02,12.5,
2017-07-02 17:20:02,22.9,
2017-07-03 17:00:02,21.9,
2017-07-03 23:50:03,11.1,
2017-07-04 01:40:02,9.7,
2017-07-04 13:50:02,23.3,
2017-07-05 03:00:02,11.7,
2017-07-05 16:45:02,27.4,
2017-07-06 04:50:02,14.3,
2017-07-06 16:50:02,26.2,
2017-07-07 03:20:02,13.6,
2017-07-07 18:30:02,25,
2017-07-08 05:10:02,14.2,
2017-07-08 14:00:02,27.2,
2017-07-09 03:00:02,14.9,
2017-07-09 11:55:03,29.5,
2017-07-10 13:55:02,27,
2017-07-10 23:40:02,17.7,
2017-07-11 14:40:02,24.4,
2017-07-11 23:20:02,14.9,
2017-07-12 05:00:02,12.4,
2017-07-12 12:40:02,26.3,
2017-07-13 16:30:02,19.6,
2017-07-13 23:50:02,10,
2017-07-14 04:00:02,7.6,
2017-07-14 17:00:02,21.1,
2017-07-15 07:30:02,19.2,
2017-07-15 15:50:02,11.4,
2017-07-16 04:40:02,9.6,
2017-07-16 15:10:02,22.6,
2017-07-17 05:10:02,9.9,
2017-07-17 14:50:02,25.2,
2017-07-18 04:10:02,13.9,
2017-07-18 13:05:02,27.6,
2017-07-19 04:50:02,13.4,
2017-07-19 14:25:02,27.4,
2017-07-20 05:20:02,14.6,
2017-07-20 13:50:02,28,
2017-07-21 16:20:02,26.6,
2017-07-21 23:50:02,16.9,
2017-07-22 02:00:02,16.3,
2017-07-22 16:05:02,27.4,
2017-07-23 05:00:03,15.4,
2017-07-23 17:10:02,25.5,
2017-07-24 14:30:02,19.1,
2017-07-24 23:30:03,15.5,
2017-07-25 16:50:02,20.3,
2017-07-25 22:50:02,13.3,
2017-07-26 02:40:03,10.9,
2017-07-26 12:50:02,20.9,
2017-07-27 06:30:02,13.3,
2017-07-27 16:30:02,19.3,
2017-07-28 05:30:02,14.2,
2017-07-28 16:50:02,23.9,
2017-07-29 05:10:02,10.6,
2017-07-29 15:00:02,25,
2017-07-30 04:50:02,12.4,
2017-07-30 14:00:02,26.7,
2017-07-31 05:20:02,16.9,
2017-07-31 17:15:02,28.4,
2017-08-01 05:30:02,16.4,
2017-08-01 15:15:02,29.9,
2017-08-02 17:20:02,29.9,
2017-08-02 23:50:02,20.9,
2017-08-03 05:20:02,17.3,
2017-08-03 12:20:02,30.3,
2017-08-04 05:35:57,17.8,
2017-08-04 16:20:02,26.1,
2017-08-05 05:50:02,18.1,
2017-08-05 18:20:02,28.6,
2017-08-06 03:00:42,21.6,
2017-08-06 22:10:02,15.4,
2017-08-07 05:40:02,13,
2017-08-07 17:10:02,23.3,
2017-08-08 01:50:02,13.3,
2017-08-08 14:10:02,23.6,
2017-08-09 05:30:08,15.9,
2017-08-09 15:40:02,27.1,
2017-08-10 06:00:02,17.5,
2017-08-10 14:50:02,27,
2017-08-11 14:00:02,27.3,
2017-08-11 23:30:02,15.1,
2017-08-12 05:50:02,12.7,
2017-08-12 16:00:02,20.9,
2017-08-13 03:40:02,10.7,
2017-08-13 14:30:02,22.6,
2017-08-14 05:30:02,13.2,
2017-08-14 15:50:02,24.4,
2017-08-15 06:00:02,13.6,
2017-08-15 16:30:02,26.3,
2017-08-16 05:30:02,13.5,
2017-08-16 12:10:02,25.2,
2017-08-17 06:00:02,15.9,
2017-08-17 16:40:02,25.9,
2017-08-18 05:00:02,15,
2017-08-18 14:00:02,26.4,
2017-08-19 03:20:02,21.6,
2017-08-19 23:00:02,16.6,
2017-08-20 15:20:02,21.5,
2017-08-20 23:50:02,11.5,
2017-08-21 03:10:03,9.7,
2017-08-21 15:20:02,20.7,
2017-08-22 05:30:02,6.9,
2017-08-22 14:50:02,21.3,
2017-08-23 05:30:02,6.1,
2017-08-23 16:10:02,19.2,
2017-08-24 05:30:02,6.4,
2017-08-24 14:00:02,23.6,
2017-08-25 05:10:02,13.1,
2017-08-25 11:10:02,25.1,
2017-08-26 05:50:03,13.9,
2017-08-26 15:20:02,27.3,
2017-08-27 06:00:02,14.5,
2017-08-27 14:15:03,27.9,
2017-08-28 07:10:02,22.9,
2017-08-28 23:50:02,12.2,
2017-08-29 06:00:02,9.2,
2017-08-29 16:20:02,22.2,
2017-08-30 06:00:02,8.7,
2017-08-30 15:20:02,23.4,
2017-08-31 05:40:04,11.3,
2017-08-31 15:20:02,24.6,
2017-09-01 00:00:02,21.3,
2017-09-01 23:50:02,11.9,
2017-09-02 05:30:02,11.5,
2017-09-02 11:30:02,17.7,
2017-09-03 16:30:02,15.6,
2017-09-03 23:50:02,10.2,
2017-09-04 06:20:02,7.2,
2017-09-04 14:15:02,19.3,
2017-09-05 05:50:02,6.7,
2017-09-05 14:10:02,19.8,
2017-09-06 04:30:02,8.3,
2017-09-06 12:00:02,21.2,
2017-09-07 14:20:02,18.4,
2017-09-07 23:50:02,8.5,
2017-09-08 06:00:02,4.7,
2017-09-08 16:20:02,18.3,
2017-09-09 06:20:02,10.4,
2017-09-09 15:20:02,20.4,
2017-09-10 01:20:02,11.5,
2017-09-10 13:20:02,21.4,
2017-09-11 11:40:02,17.7,
2017-09-11 22:00:02,11.9,
2017-09-12 13:20:02,16.5,
2017-09-12 22:50:02,10.3,
2017-09-13 06:20:02,5.7,
2017-09-13 12:20:02,16.5,
2017-09-14 14:40:02,20.7,
2017-09-14 23:30:02,10.5,
2017-09-15 01:40:02,9.3,
2017-09-15 15:00:02,17.3,
2017-09-16 01:10:02,8.4,
2017-09-16 16:30:02,12.3,
2017-09-17 00:00:02,11.9,
2017-09-17 23:50:02,7.3,
2017-09-18 07:00:02,5.1,
2017-09-18 14:20:02,15.6,
2017-09-19 00:00:03,7.2,
2017-09-19 14:20:02,14.3,
2017-09-20 15:00:02,12.6,
2017-09-20 23:50:02,8.1,
2017-09-21 00:00:02,7.9,
2017-09-21 16:10:02,14.7,
2017-09-22 14:20:02,15.9,
2017-09-22 23:20:02,7.1,
2017-09-23 06:10:02,4.4,
2017-09-23 11:40:02,12.3,
2017-09-24 00:20:02,10.1,
2017-09-24 13:50:02,15.3,
2017-09-25 11:40:02,14.7,
2017-09-25 23:40:02,8.5,
2017-09-26 02:20:02,7.1,
2017-09-26 14:30:02,17.3,
2017-09-27 06:50:02,7.5,
2017-09-27 14:00:02,18,
2017-09-28 07:00:02,7.4,
2017-09-28 14:30:02,17.3,
2017-09-29 06:20:02,4.8,
2017-09-29 14:40:02,16.7,
2017-09-30 06:20:02,3.3,
2017-09-30 13:20:02,14.9,
2017-10-01 06:10:02,3.1,
2017-10-01 14:40:02,14.4,
2017-10-02 06:30:02,0.7,
2017-10-02 15:00:02,13.7,
2017-10-03 00:00:02,11.5,
2017-10-03 22:10:02,6.1,
2017-10-04 05:30:02,3.1,
2017-10-04 15:00:02,13.9,
2017-10-05 15:40:02,16.8,
2017-10-05 23:40:02,9,
2017-10-06 14:20:02,13.1,
2017-10-06 20:50:03,4.6,
2017-10-07 07:10:02,4.3,
2017-10-07 15:00:02,13.5,
2017-10-08 16:50:02,13.4,
2017-10-08 23:50:02,6.5,
2017-10-09 06:50:02,0.1,
2017-10-09 14:00:02,11.7,
2017-10-10 03:20:02,3.9,
2017-10-10 14:50:02,13.1,
2017-10-11 02:50:02,7.4,
2017-10-11 11:30:02,15.6,
2017-10-12 06:40:02,5.4,
2017-10-12 15:40:02,16.6,
2017-10-13 06:10:03,4.7,
2017-10-13 16:30:02,15.5,
2017-10-14 07:00:02,4.9,
2017-10-14 15:30:02,16.9,
2017-10-15 07:10:02,6.1,
2017-10-15 13:40:02,16.4,
2017-10-16 06:40:03,6.6,
2017-10-16 14:00:02,15.4,
2017-10-17 07:30:02,7,
2017-10-17 15:00:02,15.6,
2017-10-18 05:50:03,4.8,
2017-10-18 13:50:02,15.4,
2017-10-19 13:30:03,14.6,
2017-10-19 22:30:02,6.8,
2017-10-20 08:00:02,7.1,
2017-10-20 14:10:02,13.3,
2017-10-21 06:30:02,8.5,
2017-10-21 15:20:02,14,
2017-10-22 14:40:02,11.3,
2017-10-22 23:30:02,8.1,
2017-10-23 04:50:03,6.9,
2017-10-23 15:20:02,10.3,
2017-10-24 05:30:02,5.4,
2017-10-24 13:40:02,12.9,
2017-10-25 05:00:02,5.3,
2017-10-25 13:00:02,13.3,
2017-10-26 01:00:02,5.1,
2017-10-26 15:10:02,15.5,
2017-10-27 03:30:02,5.6,
2017-10-27 15:20:02,10.8,
2017-10-28 03:20:32,6.5,
2017-10-28 12:10:02,10.4,
2017-10-29 11:10:02,10.1,
2017-10-29 22:40:02,1.9,
2017-10-30 13:10:02,8.2,
2017-10-30 23:00:03,1.2,
2017-10-31 12:40:02,7.3,
2017-10-31 23:40:03,-0.7,
2017-11-01 05:55:02,-2,
2017-11-01 12:40:02,8.5,
2017-11-02 04:40:02,3.7,
2017-11-02 12:20:02,11.9,
2017-11-03 10:50:03,10.7,
2017-11-03 23:50:02,-0.1,
2017-11-04 05:55:02,-1.9,
2017-11-04 13:10:02,9.9,
2017-11-05 02:10:03,4.8,
2017-11-05 16:30:02,8.5,
2017-11-06 12:10:02,11.1,
2017-11-06 23:50:03,5.9,
2017-11-07 12:40:02,11.4,
2017-11-07 21:20:02,4.1,
2017-11-08 00:30:02,4.4,
2017-11-08 12:00:02,9.3,
2017-11-09 00:50:02,5.2,
2017-11-09 12:20:02,8.3,
2017-11-10 11:50:02,8.5,
2017-11-10 22:00:02,4.6,
2017-11-11 07:10:02,1.6,
2017-11-11 11:30:02,7.7,
2017-11-12 07:10:02,-0.2,
2017-11-12 11:50:02,7.5,
2017-11-13 01:00:02,4.9,
2017-11-13 20:00:02,1.6,
2017-11-14 11:40:02,6.1,
2017-11-14 23:25:02,-2.8,
2017-11-15 04:55:02,-4.5,
2017-11-15 12:30:02,4.7,
2017-11-16 07:20:02,0.9,
2017-11-16 13:30:02,6.4,
2017-11-17 07:30:02,2.2,
2017-11-17 12:10:03,6.1,
2017-11-18 07:30:02,-1.4,
2017-11-18 12:30:02,4.7,
2017-11-19 12:10:02,1.1,
2017-11-19 23:20:03,4.3,
2017-11-20 08:20:01,-0.4,
2017-11-20 12:40:03,5.3,
2017-11-21 05:50:02,0.5,
2017-11-21 22:40:02,4.8,
2017-11-22 12:50:02,9.9,
2017-11-22 23:30:02,0,
2017-11-23 03:35:10,-0.6,
2017-11-23 11:30:02,6.3,
2017-11-24 07:00:02,2.9,
2017-11-24 18:40:02,4.6,
2017-11-25 02:20:02,3.6,
2017-11-25 14:50:02,6.4,
2017-11-26 01:20:02,4.8,
2017-11-26 22:45:02,-4.1,
2017-11-27 01:15:02,-4.1,
2017-11-27 13:40:02,4.3,
2017-11-28 06:10:02,-0.7,
2017-11-28 12:00:02,4,
2017-11-29 03:10:03,-1.1,
2017-11-29 12:00:02,1.7,
2017-11-30 14:10:02,1,
2017-11-30 23:40:02,-1.8,
2017-12-01 13:50:02,-0.5,
2017-12-01 20:40:02,-6.6,
2017-12-02 05:20:02,-7.4,
2017-12-02 14:20:02,-0.8,
2017-12-03 00:20:04,-5.4,
2017-12-03 13:00:02,0.7,
2017-12-04 00:00:02,-1.8,
2017-12-04 12:40:02,2.4,
2017-12-05 03:40:11,-3.6,
2017-12-05 18:40:04,3.5,
2017-12-06 04:00:06,2.9,
2017-12-06 13:00:02,4.5,
2017-12-07 00:00:03,3.3,
2017-12-07 20:00:02,-3.3,
2017-12-08 00:10:02,-1.2,
2017-12-08 18:40:02,0,
2017-12-09 07:20:02,-2.7,
2017-12-09 14:50:02,1.4,
2017-12-10 08:30:02,-3.7,
2017-12-10 18:40:02,0.9,
2017-12-11 00:00:02,0.4,
2017-12-11 20:20:02,8.6,
2017-12-12 04:50:02,9,
2017-12-12 23:10:02,1.5,
2017-12-13 00:20:02,1.9,
2017-12-13 18:50:03,-4.3,
2017-12-14 13:40:02,5.6,
2017-12-14 22:10:03,-2.4,
2017-12-15 12:40:02,3.3,
2017-12-15 23:00:02,-1.7,
2017-12-16 13:00:02,3.7,
2017-12-16 23:30:02,-3.7,
2017-12-17 03:10:02,-4.3,
2017-12-17 12:30:02,2.7,
2017-12-18 12:10:02,1.4,
2017-12-18 22:45:02,-6.7,
2017-12-19 04:50:02,-7.1,
2017-12-19 13:10:02,-1.1,
2017-12-20 00:00:02,-2.4,
2017-12-20 12:50:02,0.6,
2017-12-21 04:03:03,-1.1,
2017-12-21 21:00:02,2.8,
2017-12-22 03:08:24,1.2,
2017-12-22 12:10:02,5.6,
2017-12-23 06:40:02,2.3,
2017-12-23 23:20:02,7.1,
2017-12-24 07:10:02,6.2,
2017-12-24 13:50:02,8.4,
2017-12-25 00:00:02,6.1,
2017-12-25 21:40:02,-3.4,
2017-12-26 00:10:02,-2.8,
2017-12-26 13:00:02,2.6,
2017-12-27 01:30:02,-0.4,
2017-12-27 15:40:02,6.4,
2017-12-28 00:00:02,6.4,
2017-12-28 17:00:02,1.9,
2017-12-29 12:20:02,2.9,
2017-12-29 23:45:02,-6.4,
2017-12-30 04:01:20,-7.7,
2017-12-30 13:20:02,0.3,
2017-12-31 15:10:02,5.1,
2017-12-31 23:00:02,-0.9,
2018-01-01 04:10:02,-1.9,
2018-01-01 12:30:02,3.6,
2018-01-02 04:50:02,-0.8,
2018-01-02 14:20:02,3.8,
2018-01-03 03:40:26,-2.9,
2018-01-03 20:00:03,1.5,
2018-01-04 07:20:02,-2.2,
2018-01-04 14:30:02,5,
2018-01-05 01:40:02,2.1,
2018-01-05 14:40:02,5.1,
2018-01-06 00:30:02,4.3,
2018-01-06 14:00:03,7.6,
2018-01-07 11:10:02,8.4,
2018-01-07 23:40:02,3.9,
2018-01-08 15:10:02,2.4,
2018-01-08 23:55:02,4,
2018-01-09 00:00:02,4.1,
2018-01-09 12:15:02,8.1,
2018-01-10 00:00:02,5.7,
2018-01-10 16:45:02,1.1,
2018-01-11 04:30:02,1.1,
2018-01-11 12:35:02,3.6,
2018-01-12 12:15:02,5.3,
2018-01-12 23:55:02,0.6,
2018-01-13 07:55:02,-0.5,
2018-01-13 10:40:02,1.4,
2018-01-14 06:50:02,-1.6,
2018-01-14 12:15:02,1.1,
2018-01-15 10:25:02,-0.7,
2018-01-15 23:30:02,-2.6,
2018-01-16 20:05:02,-1,
2018-01-16 23:10:02,-3.3,
2018-01-17 07:25:02,-5.7,
2018-01-17 13:20:02,2.5,
2018-01-18 07:40:02,-6.9,
2018-01-18 22:40:02,2.9,
2018-01-19 12:35:02,3.5,
2018-01-19 19:25:02,-3.7,
2018-01-20 08:15:02,-4.3,
2018-01-20 13:10:03,1.9,
2018-01-21 11:10:02,2.1,
2018-01-21 23:55:02,-5.4,
2018-01-22 04:30:02,-8.1,
2018-01-22 14:30:02,0.3,
2018-01-23 00:00:02,-2.1,
2018-01-23 12:00:02,1.3,
2018-01-24 02:35:02,-0.5,
2018-01-24 11:40:02,2.9,
2018-01-25 12:50:02,3.4,
2018-01-25 22:15:02,-2,
2018-01-26 00:00:02,-0.4,
2018-01-26 13:50:02,2.6,
2018-01-27 05:00:02,0.9,
2018-01-27 14:10:02,4.1,
2018-01-28 05:45:02,-1.9,
2018-01-28 12:15:02,6.7,
2018-01-29 14:15:03,9.6,
2018-01-29 19:45:02,1.7,
2018-01-30 03:55:02,7.5,
2018-01-30 23:55:02,-4.1,
2018-01-31 07:20:02,-5.5,
2018-01-31 13:55:02,3.5,
2018-02-01 12:50:02,3.4,
2018-02-01 23:40:02,0.8,
2018-02-02 12:40:02,4.6,
2018-02-02 23:35:02,-3,
2018-02-03 07:15:02,-3.9,
2018-02-03 13:20:02,4.1,
2018-02-04 14:20:02,3,
2018-02-04 23:50:02,-3.9,
2018-02-05 03:05:03,-5.7,
2018-02-05 10:35:02,2,
2018-02-06 07:15:02,-5.9,
2018-02-06 13:25:02,0.6,
2018-02-07 07:35:03,-2.5,
2018-02-07 10:45:02,1.3,
2018-02-08 15:05:03,1.1,
2018-02-08 23:05:02,-2.4,
2018-02-09 13:40:04,1.7,
2018-02-09 23:05:03,-4.7,
2018-02-10 00:00:02,-2.9,
2018-02-10 12:45:02,-0.9,
2018-02-11 06:55:02,-2.4,
2018-02-11 11:40:03,2,
2018-02-12 13:55:02,5.6,
2018-02-12 20:00:03,-3.1,
2018-02-13 04:45:02,-3,
2018-02-13 12:30:02,3.6,
2018-02-14 05:05:03,-3.5,
2018-02-14 11:50:02,2.1,
2018-02-15 05:35:02,-3.6,
2018-02-15 14:50:03,2.6,
2018-02-16 12:10:03,3.3,
2018-02-16 19:15:02,-3.7,
2018-02-17 07:00:02,-1.4,
2018-02-17 13:35:02,1.6,
2018-02-18 11:50:02,2.2,
2018-02-18 23:45:02,-9,
2018-02-19 06:50:03,-11.8,
2018-02-19 14:25:02,1.2,
2018-02-20 00:40:03,-8.6,
2018-02-20 13:15:03,3.4,
2018-02-21 04:35:02,-4.9,
2018-02-21 11:25:02,2,
2018-02-22 12:35:02,0.3,
2018-02-22 22:40:02,-3.9,
2018-02-23 13:40:02,0,
2018-02-23 23:45:02,-5.2,
2018-02-24 13:00:03,-1.7,
2018-02-24 23:55:03,-9.3,
2018-02-25 13:30:03,-6.9,
2018-02-25 23:55:02,-12.5,
2018-02-26 06:45:02,-13.3,
2018-02-26 13:30:02,-6.6,
2018-02-27 06:55:02,-12.9,
2018-02-27 14:00:03,-7.6,
2018-02-28 14:00:02,-6.7,
2018-02-28 23:45:02,-13.7,
2018-03-01 04:45:03,-14.9,
2018-03-01 14:00:02,-3.1,
2018-03-02 06:25:02,-8.1,
2018-03-02 13:05:02,-4.4,
2018-03-03 04:25:02,-9.9,
2018-03-03 13:45:03,-0.4,
2018-03-04 05:40:03,-12.7,
2018-03-04 14:30:02,1.6,
2018-03-05 06:05:02,-3.1,
2018-03-05 14:45:02,0.8,
2018-03-06 03:10:02,-0.8,
2018-03-06 12:10:02,2.2,
2018-03-07 13:20:02,6.6,
2018-03-07 20:45:02,-2.4,
2018-03-08 13:40:03,7.6,
2018-03-08 23:45:02,-3.8,
2018-03-09 02:25:02,-4.4,
2018-03-09 14:40:03,8,
2018-03-10 03:15:02,0.9,
2018-03-10 11:45:02,10.3,
2018-03-11 04:05:02,2.1,
2018-03-11 13:20:02,11.9,
2018-03-12 11:20:02,10.3,
2018-03-12 23:55:02,4.4,
2018-03-13 06:35:02,-0.6,
2018-03-13 13:55:03,11.7,
2018-03-14 09:40:03,7.8,
2018-03-14 20:15:03,0.1,
2018-03-15 05:20:03,-1.6,
2018-03-15 14:30:02,10.3,
2018-03-16 12:15:03,8.6,
2018-03-16 23:15:03,0.4,
2018-03-17 00:15:02,0.8,
2018-03-17 23:40:02,-5.9,
2018-03-18 13:45:02,-2.1,
2018-03-18 23:20:02,-7.4,
2018-03-19 06:10:02,-7.8,
2018-03-19 13:20:02,-2,
2018-03-20 14:15:02,1.1,
2018-03-20 23:00:03,-7.6,
2018-03-21 13:15:02,2.6,
2018-03-21 23:40:02,-8,
2018-03-22 05:45:02,-10.1,
2018-03-22 13:55:02,4.9,
2018-03-23 01:10:03,-1.4,
2018-03-23 13:00:02,7.8,
2018-03-24 14:00:02,9.1,
2018-03-24 21:00:03,-1.7,
2018-03-25 01:15:02,-2.8,
2018-03-25 15:15:02,6.9,
2018-03-26 05:35:02,0.8,
2018-03-26 14:10:03,8.9,
2018-03-27 11:20:03,8.9,
2018-03-27 22:15:02,-2.3,
2018-03-28 02:40:02,-2.3,
2018-03-28 14:45:02,10.3,
2018-03-29 16:55:03,10.8,
2018-03-29 23:55:03,3.9,
2018-03-30 06:35:03,-2.1,
2018-03-30 13:10:03,13.1,
2018-03-31 13:00:02,14.9,
2018-03-31 23:35:02,6.3,
2018-04-01 13:30:02,10.9,
2018-04-01 21:20:03,3.8,
2018-04-02 13:45:02,10.9,
2018-04-02 23:55:02,0.2,
2018-04-03 03:55:03,-1.4,
2018-04-03 16:20:02,14.1,
2018-04-04 03:00:03,3.2,
2018-04-04 15:40:02,15.8,
2018-04-05 06:30:03,2.9,
2018-04-05 13:35:02,16.4,
2018-04-06 16:10:02,11.3,
2018-04-06 23:55:02,0.9,
2018-04-07 05:40:03,-2.3,
2018-04-07 14:40:03,15.9,
2018-04-08 05:55:03,3.6,
2018-04-08 14:20:02,16.1,
2018-04-09 06:15:02,3.9,
2018-04-09 16:15:02,18.9,
2018-04-10 04:45:03,7.6,
2018-04-10 14:50:02,17.4,
2018-04-11 14:35:02,18,
2018-04-11 22:30:02,8.3,
2018-04-12 05:40:02,5.7,
2018-04-12 14:50:02,20.1,
2018-04-13 16:35:02,18.2,
2018-04-13 23:35:02,7.6,
2018-04-14 05:35:02,2.6,
2018-04-14 14:50:02,16.7,
2018-04-15 06:00:02,4.4,
2018-04-15 15:35:02,21.2,
2018-04-16 06:25:03,12.4,
2018-04-16 15:30:02,18.6,
2018-04-17 14:25:02,18.8,
2018-04-17 23:50:02,8.1,
2018-04-18 06:20:02,5.1,
2018-04-18 17:45:02,19.6,
2018-04-19 05:50:02,5.6,
2018-04-19 14:35:03,22.4,
2018-04-20 05:25:02,7.4,
2018-04-20 16:05:02,20.5,
2018-04-21 05:55:03,5.9,
2018-04-21 15:10:02,21.4,
2018-04-22 06:00:03,10,
2018-04-22 17:00:02,22.8,
2018-04-23 04:55:02,8.4,
2018-04-23 13:00:02,23.1,
2018-04-24 06:00:03,9.1,
2018-04-24 16:05:02,20.6,
2018-04-25 05:50:02,6.3,
2018-04-25 12:20:02,21.6,
2018-04-26 13:35:02,17.3,
2018-04-26 23:45:02,4.1,
2018-04-27 05:20:02,0.9,
2018-04-27 12:55:02,16.3,
2018-04-28 03:00:02,6.7,
2018-04-28 16:15:02,20.9,
2018-04-29 05:50:02,8.5,
2018-04-29 17:15:02,22.3,
2018-04-30 14:15:02,23.7,
2018-04-30 23:30:02,12.7,
2018-05-01 05:35:02,8.2,
2018-05-01 14:00:02,22.3,
2018-05-02 04:00:02,13.4,
2018-05-02 16:45:03,23.9,
2018-05-03 05:55:03,11.4,
2018-05-03 16:20:03,23.3,
2018-05-04 05:45:02,12.1,
2018-05-04 14:55:02,22.3,
2018-05-05 05:40:02,10.5,
2018-05-05 14:55:02,21.3,
2018-05-06 02:55:02,6.8,
2018-05-06 15:00:02,19.7,
2018-05-07 05:00:02,6,
2018-05-07 15:25:03,21.5,
2018-05-08 01:45:02,9.1,
2018-05-08 14:30:02,22.4,
2018-05-09 05:30:03,11.1,
2018-05-09 13:55:02,24.7,
2018-05-10 05:30:02,9.4,
2018-05-10 16:20:02,23.4,
2018-05-11 03:15:03,12.1,
2018-05-11 14:35:02,22.6,
2018-05-12 05:15:03,10.6,
2018-05-12 12:15:02,23.6,
2018-05-13 05:30:02,9.7,
2018-05-13 16:50:03,23.3,
2018-05-14 05:40:03,11.2,
2018-05-14 10:40:02,22.5,
2018-05-15 13:40:03,15,
2018-05-15 22:00:03,9.7,
2018-05-16 12:35:03,17.8,
2018-05-16 21:40:02,9.3,
2018-05-17 03:15:02,7.4,
2018-05-17 17:45:02,15.4,
2018-05-18 05:25:02,10.6,
2018-05-18 13:30:02,20.6,
2018-05-19 02:25:02,8.8,
2018-05-19 12:50:02,20.2,
2018-05-20 05:20:03,5.9,
2018-05-20 16:50:03,21.4,
2018-05-21 03:40:05,9.3,
2018-05-21 12:20:03,21.2,
2018-05-22 04:00:03,8.3,
2018-05-22 15:05:02,23.4,
2018-05-23 05:05:02,11.6,
2018-05-23 16:25:02,25.1,
2018-05-24 04:55:02,13.9,
2018-05-24 14:00:03,24.9,
2018-05-25 15:25:02,23.1,
2018-05-25 23:50:02,12.7,
2018-05-26 04:45:02,10.3,
2018-05-26 13:45:02,25.8,
2018-05-27 04:40:02,11.4,
2018-05-27 15:35:02,27.1,
2018-05-28 04:40:02,13.1,
2018-05-28 15:25:03,27.7,
2018-05-29 05:10:02,13.6,
2018-05-29 10:30:02,27.4,
2018-05-30 14:20:02,25.2,
2018-05-30 23:55:03,13.7,
2018-05-31 05:10:02,11.4,
2018-05-31 14:30:04,27.4,
2018-06-01 04:25:02,12.7,
2018-06-01 12:15:03,27.7,
2018-06-02 05:50:03,14.1,
2018-06-02 14:15:03,26,
2018-06-03 04:45:02,13.7,
2018-06-03 11:05:02,26.3,
2018-06-04 04:40:03,12.4,
2018-06-04 13:55:02,26.9,
2018-06-05 04:45:03,13.4,
2018-06-05 10:50:02,26.7,
2018-06-06 04:40:02,13.3,
2018-06-06 13:20:03,25,
2018-06-07 04:50:02,11.8,
2018-06-07 15:45:04,25.9,
2018-06-08 03:15:02,14.1,
2018-06-08 17:00:02,26.3,
2018-06-09 05:10:03,16.1,
2018-06-09 13:10:03,28.2,
2018-06-10 04:10:03,14.1,
2018-06-10 12:05:03,28.4,
2018-06-11 04:55:03,14,
2018-06-11 15:30:02,27.4,
2018-06-12 05:25:02,16.1,
2018-06-12 15:35:03,25.4,
2018-06-13 11:55:02,20.7,
2018-06-13 23:50:02,14.8,
2018-06-14 15:40:02,21.2,
2018-06-14 23:05:02,12.4,
2018-06-15 04:45:02,11.9,
2018-06-15 16:10:02,23.4,
2018-06-16 04:50:02,11.8,
2018-06-16 14:40:02,26.1,
2018-06-17 01:50:02,13.1,
2018-06-17 15:50:03,28.2,
2018-06-18 05:00:03,14.4,
2018-06-18 17:40:03,25.9,
2018-06-19 04:20:03,12,
2018-06-19 06:50:02,27.3,
2018-06-20 00:45:03,13.8,
2018-06-20 14:20:02,28.5,
2018-06-21 01:20:02,14.7,
2018-06-21 16:25:02,28.4,
2018-06-22 12:45:02,18.6,
2018-06-22 23:55:02,9.1,
2018-06-23 04:00:04,6.8,
2018-06-23 16:30:02,18.4,
2018-06-24 02:45:02,10.7,
2018-06-24 14:00:03,19,
2018-06-25 03:30:03,10.6,
2018-06-25 12:40:03,21.4,
2018-06-26 05:00:02,9.1,
2018-06-26 13:45:02,23.4,
2018-06-27 05:05:03,9.8,
2018-06-27 16:55:02,23,
2018-06-28 05:50:02,14.1,
2018-06-28 15:20:03,21.4,
2018-06-29 12:40:03,28.9,
2018-06-29 23:55:02,16.1,
2018-06-30 16:25:02,19.6,
2018-06-30 23:20:02,9.2,
2018-07-01 01:35:02,7.9,
2018-07-01 15:30:02,20.3,
2018-07-02 04:20:02,5.1,
2018-07-02 12:55:03,22.6,
2018-07-03 04:30:02,6.7,
2018-07-03 15:45:03,24.4,
2018-07-04 04:50:02,8.5,
2018-07-04 16:20:02,27.9,
2018-07-05 04:20:02,10.8,
2018-07-05 12:40:02,28.4,
2018-07-06 07:40:02,17.1,
2018-07-06 12:15:02,27.1,
2018-07-07 05:05:02,11.9,
2018-07-07 12:10:02,24.9,
2018-07-08 04:30:02,10.8,
2018-07-08 13:15:02,25.3,
2018-07-09 04:50:02,13.3,
2018-07-09 15:05:02,27.2,
2018-07-10 04:15:02,15.5,
2018-07-10 10:55:02,22.4,
2018-07-11 12:15:02,23.9,
2018-07-11 23:50:02,10.6,
2018-07-12 03:45:02,8.9,
2018-07-12 12:40:02,23.3,
2018-07-13 01:15:03,13.3,
2018-07-13 16:45:02,25.6,
2018-07-14 05:00:02,11.3,
2018-07-14 07:05:02,31.1,
2018-07-15 05:20:02,11.8,
2018-07-15 18:20:02,27.1,
2018-07-16 04:30:02,12.2,
2018-07-16 07:20:02,28.7,
2018-07-17 05:00:02,14.7,
2018-07-17 07:05:02,28.9,
2018-07-18 00:00:02,16.4,
2018-07-18 09:55:03,24.4,
2018-07-19 16:30:02,26.4,
2018-07-19 23:55:02,15.7,
2018-07-20 02:25:02,14.6,
2018-07-20 14:45:02,27.3,
2018-07-21 05:15:02,13.2,
2018-07-21 15:10:02,28.6,
2018-07-22 13:45:02,23.1,
2018-07-22 23:50:03,17.4,
2018-07-23 05:35:03,16.6,
2018-07-23 15:10:03,28.1,
2018-07-24 04:30:04,15.1,
2018-07-24 16:45:04,29.3,
2018-07-25 03:20:02,15.1,
2018-07-25 07:30:03,35.7,
2018-07-26 03:35:02,14.7,
2018-07-26 07:50:03,31.4,
2018-07-27 05:30:02,15.4,
2018-07-27 07:45:02,29.1,
2018-07-28 04:55:02,16.5,
2018-07-28 07:50:02,29.1,
2018-07-29 05:20:02,16.9,
2018-07-29 17:15:02,30.1,
2018-07-30 05:30:02,17.5,
2018-07-30 14:25:02,31.2,
2018-07-31 05:30:02,16.2,
2018-07-31 07:50:03,31.9,
2018-08-01 05:10:02,18.4,
2018-08-01 07:45:02,33.3,
2018-08-02 05:05:02,18.2,
2018-08-02 16:25:02,32.3,
2018-08-03 05:05:07,19.6,
2018-08-03 16:00:08,31.6,
2018-08-04 04:55:07,15.9,
2018-08-04 16:00:08,31.5,
2018-08-05 05:15:26,17.3,
2018-08-05 11:20:08,30.1,
2018-08-06 16:45:03,28.6,
2018-08-06 21:50:02,15.7,
2018-08-07 05:20:02,13.1,
2018-08-07 07:20:03,33.5,
2018-08-08 05:40:03,19.5,
2018-08-08 16:20:03,31.2,
2018-08-09 05:35:02,17.8,
2018-08-09 14:30:02,30.9,
2018-08-10 07:20:03,32.6,
2018-08-10 23:55:02,18.4,
2018-08-11 06:35:02,15.2,
2018-08-11 18:00:03,25.6,
2018-08-12 05:40:16,11.2,
2018-08-12 15:35:03,26.4,
2018-08-13 05:35:02,13,
2018-08-13 14:40:02,29.1,
2018-08-14 06:10:02,18.7,
2018-08-14 11:50:03,26.6,
2018-08-15 16:45:02,25.7,
2018-08-15 23:45:02,14.7,
2018-08-16 05:40:02,12.4,
2018-08-16 15:20:02,26.7,
2018-08-17 05:35:02,12.7,
2018-08-17 15:15:02,27.4,
2018-08-18 06:05:03,13.5,
2018-08-18 16:20:02,29.9,
2018-08-19 05:40:07,14.9,
2018-08-19 14:40:03,29.7,
2018-08-20 05:20:03,15.4,
2018-08-20 14:35:03,30,
2018-08-21 06:05:03,17.5,
2018-08-21 16:40:03,27.5,
2018-08-22 05:40:03,14.8,
2018-08-22 17:00:03,28.5,
2018-08-23 06:05:03,14.8,
2018-08-23 13:35:02,28.5,
2018-08-24 05:35:03,16.9,
2018-08-24 11:45:02,26.2,
2018-08-25 12:40:03,21.7,
2018-08-25 23:55:16,13.4,
2018-08-26 14:00:02,18.8,
2018-08-26 23:50:02,8.7,
2018-08-27 05:50:02,6.5,
2018-08-27 15:45:02,20.3,
2018-08-28 06:05:02,11.3,
2018-08-28 15:40:03,23.8,
2018-08-29 06:20:02,10.6,
2018-08-29 16:05:02,24.8,
2018-08-30 05:40:02,11.7,
2018-08-30 13:30:02,23.9,
2018-08-31 05:35:02,11.4,
2018-08-31 15:20:02,23.1,
2018-09-01 06:40:02,14.1,
2018-09-01 17:05:03,19.5,
2018-09-02 05:35:02,15.2,
2018-09-02 15:40:02,23.6,
2018-09-03 07:00:02,15.3,
2018-09-03 14:45:02,23.9,
2018-09-04 16:10:03,20.9,
2018-09-04 23:50:02,15.6,
2018-09-05 05:55:03,12.5,
2018-09-05 14:55:02,23.8,
2018-09-06 06:20:02,11.9,
2018-09-06 15:05:03,23,
2018-09-07 05:15:03,10.6,
2018-09-07 14:50:02,22.5,
2018-09-08 16:00:04,22.3,
2018-09-08 23:25:02,13.1,
2018-09-09 05:50:02,10.1,
2018-09-09 14:15:02,22.1,
2018-09-10 06:20:02,10.3,
2018-09-10 16:20:02,22.9,
2018-09-11 16:15:02,23.9,
2018-09-11 23:55:02,13.8,
2018-09-12 06:25:02,10.9,
2018-09-12 14:10:03,23.7,
2018-09-13 06:30:02,12.3,
2018-09-13 14:45:02,23.8,
2018-09-14 14:55:02,18.1,
2018-09-14 23:00:04,15.1,
2018-09-15 06:15:04,11.9,
2018-09-15 15:10:02,20.4,
2018-09-16 06:30:03,8.4,
2018-09-16 15:35:03,19.1,
2018-09-17 06:15:02,9.1,
2018-09-17 15:25:03,20.8,
2018-09-18 06:40:03,10.1,
2018-09-18 15:15:03,22,
2018-09-19 06:45:03,9,
2018-09-19 15:30:02,21.5,
2018-09-20 06:35:02,11.5,
2018-09-20 15:10:02,23.8,
2018-09-21 06:40:02,10.3,
2018-09-21 13:55:03,21.9,
2018-09-22 00:40:02,19.5,
2018-09-22 07:15:02,11.3,
2018-09-23 06:40:02,10.4,
2018-09-23 12:50:03,17.4,
2018-09-24 00:20:04,13.4,
2018-09-24 23:50:02,5.7,
2018-09-25 15:15:02,11.3,
2018-09-25 23:50:02,1.6,
2018-09-26 06:15:02,-0.9,
2018-09-26 14:50:02,12.1,
2018-09-27 05:25:04,1.7,
2018-09-27 15:30:02,16.1,
2018-09-28 06:55:02,4,
2018-09-28 17:05:02,17.4,
2018-09-29 14:20:02,13.6,
2018-09-29 23:55:02,2.3,
2018-09-30 07:05:02,-0.7,
2018-09-30 14:05:02,12.9,
2018-10-01 06:40:02,-0.2,
2018-10-01 14:40:02,13.6,
2018-10-02 13:35:02,11.3,
2018-10-02 20:35:02,6.2,
2018-10-03 00:00:02,6.9,
2018-10-03 15:25:02,14.3,
2018-10-04 05:05:02,3.1,
2018-10-04 16:20:02,13.9,
2018-10-05 06:30:02,0.9,
2018-10-05 16:00:02,14.6,
2018-10-06 07:15:02,6.3,
2018-10-06 16:10:02,16.5,
2018-10-07 03:15:02,10.6,
2018-10-07 13:05:02,18.4,
2018-10-08 15:55:03,16.1,
2018-10-08 23:15:02,6.7,
2018-10-09 02:40:02,5.3,
2018-10-09 13:30:02,17,
2018-10-10 06:25:02,5.6,
2018-10-10 15:15:02,19.4,
2018-10-11 07:05:03,5.2,
2018-10-11 15:20:02,18.9,
2018-10-12 15:30:02,18.4,
2018-10-12 23:40:03,6.4,
2018-10-13 06:40:02,4.1,
2018-10-13 14:40:04,17.6,
2018-10-14 07:00:03,5.3,
2018-10-14 14:50:03,17.4,
2018-10-15 02:00:04,6.6,
2018-10-15 15:10:02,17.4,
2018-10-16 13:40:03,16.9,
2018-10-16 23:15:03,6.1,
2018-10-17 07:10:03,4.3,
2018-10-17 13:10:02,16,
2018-10-18 08:00:02,5.8,
2018-10-18 14:50:03,14.9,
2018-10-19 07:30:05,5.6,
2018-10-19 15:50:02,16.3,
2018-10-20 04:15:02,5.1,
2018-10-20 13:50:02,14.6,
2018-10-21 02:50:03,3,
2018-10-21 14:35:03,11.6,
2018-10-22 06:55:02,0.1,
2018-10-22 15:30:05,11.9,
2018-10-23 07:40:02,5.1,
2018-10-23 16:40:02,11.2,
2018-10-24 01:45:04,11,
2018-10-24 23:45:02,2.9,
2018-10-25 01:45:02,0.6,
2018-10-25 14:30:02,13.3,
2018-10-26 13:05:02,13.4,
2018-10-26 23:55:04,2.4,
2018-10-27 00:25:02,1.9,
2018-10-27 13:40:02,8.5,
2018-10-29 22:10:03,14.9,
2018-10-29 23:40:03,15.6,
2018-10-30 05:45:02,15.9,
2018-10-30 23:55:02,6,
2018-10-31 06:45:02,1.6,
2018-10-31 14:50:03,13.1,
2018-11-01 00:15:02,9.2,
2018-11-01 14:30:02,14.8,
2018-11-02 06:25:04,4.7,
2018-11-02 12:30:05,14.3,
2018-11-03 03:35:05,11.7,
2018-11-03 22:35:04,9.5,
2018-11-04 14:50:02,14.5,
2018-11-04 23:55:02,5.3,
2018-11-05 01:20:02,4.4,
2018-11-05 15:00:02,14.4,
2018-11-06 06:15:02,8.9,
2018-11-06 13:30:05,14.2,
2018-11-07 06:15:03,8.2,
2018-11-07 12:40:08,13.3,
2018-11-08 04:30:02,9.6,
2018-11-08 12:40:03,11.4,
2018-11-09 05:50:03,9.1,
2018-11-09 14:45:04,11.9,
2018-11-10 00:00:03,10.4,
2018-11-10 01:55:02,7.9,
2018-11-11 03:15:03,9.1,
2018-11-11 23:50:03,2.4,
2018-11-12 04:55:02,2,
2018-11-12 13:50:02,11.2,
2018-11-13 04:45:04,2.8,
2018-11-13 13:15:02,10.9,
2018-11-14 14:40:02,10.3,
2018-11-14 23:40:02,0.4,
2018-11-15 04:00:03,-1.3,
2018-11-15 13:30:02,9.5,
2018-11-16 06:45:02,-1.6,
2018-11-16 13:45:04,7.6,
2018-11-17 07:00:02,-2.3,
2018-11-17 14:30:05,5.1,
2018-11-18 07:30:04,-4.4,
2018-11-18 12:15:02,4.5,
2018-11-19 04:50:02,-0.7,
2018-11-19 12:40:03,2.9,
2018-11-20 11:30:02,2.2,
2018-11-20 16:10:02,0.1,
2018-11-21 12:05:02,3.3,
2018-11-21 23:20:03,0.5,
2018-11-22 06:15:02,1,
2018-11-22 13:35:02,3.3,
2018-11-23 00:05:04,2.9,
2018-11-23 12:30:02,4.6,
2018-11-24 10:05:03,3.9,
2018-11-24 19:50:09,4.7,
2018-11-25 07:00:04,4.2,
2018-11-25 14:05:02,5.9,
2018-11-26 00:15:03,5.7,
2018-11-26 23:55:02,2.3,
2018-11-27 00:05:15,2.3,
2018-11-27 22:25:02,-2.3,
2018-11-28 12:50:02,1.9,
2018-11-28 23:55:03,-6.1,
2018-11-29 07:25:03,-10,
2018-11-29 13:10:02,-1.1,
2018-11-30 12:35:02,0.1,
2018-11-30 19:10:03,-4.4,
2018-12-01 07:25:02,-4.7,
2018-12-01 12:55:02,-1.7,
2018-12-02 00:00:02,-2.7,
2018-12-02 19:25:03,-0.6,
2018-12-03 00:00:03,-0.8,
2018-12-03 22:50:02,1.4,
2018-12-04 13:15:02,5.4,
2018-12-04 22:30:02,-3.3,
2018-12-05 13:25:03,3,
2018-12-05 23:55:02,-5.6,
2018-12-06 03:00:03,-6.5,
2018-12-06 12:20:05,1.3,
2018-12-07 02:50:03,0.1,
2018-12-07 18:10:03,3.2,
2018-12-08 14:30:02,6.4,
2018-12-08 23:55:02,-1.3,
2018-12-09 00:00:02,-1.5,
2018-12-09 13:45:02,7.7,
2018-12-10 12:05:02,5.6,
2018-12-10 21:30:02,-2.3,
2018-12-11 00:15:03,-0.8,
2018-12-11 11:45:02,4.2,
2018-12-12 12:25:02,2.5,
2018-12-12 23:55:02,-4.9,
2018-12-13 05:30:03,-5.8,
2018-12-13 11:20:02,-0.3,
2018-12-14 07:45:02,-6.5,
2018-12-14 13:25:02,1.1,
2018-12-15 12:15:03,-0.4,
2018-12-15 23:35:04,-2.5,
2018-12-16 06:10:02,-3.1,
2018-12-16 11:40:02,-1,
2018-12-17 05:20:02,-2.8,
2018-12-17 11:30:02,-0.3,
2018-12-18 01:15:02,-1.9,
2018-12-18 13:25:02,2.7,
2018-12-19 11:00:02,1.5,
2018-12-19 23:45:02,-2.4,
2018-12-20 00:35:02,-1.9,
2018-12-20 08:55:02,-3.4,
2018-12-21 03:50:02,-2.8,
2018-12-21 19:15:03,-0.4,
2018-12-22 06:25:02,-0.9,
2018-12-22 13:20:02,5.7,
2018-12-23 02:10:02,0,
2018-12-23 12:55:02,7,
2018-12-24 12:15:02,4.1,
2018-12-24 23:55:03,-0.5,
2018-12-25 03:55:02,-0.6,
2018-12-25 14:05:02,3.4,
2018-12-26 07:25:02,1.1,
2018-12-26 11:55:03,4.8,
2018-12-27 14:20:06,7.4,
2018-12-27 22:35:02,1.3,
2018-12-28 07:45:02,2.7,
2018-12-28 13:20:05,6.8,
2018-12-29 13:20:02,6.1,
2018-12-29 23:55:03,2.1,
2018-12-30 07:30:04,0.4,
2018-12-30 14:05:03,5.3,
2018-12-31 13:00:03,5,
2018-12-31 20:30:04,-3.4,
2019-01-01 00:10:40,-2.4,
2019-01-01 18:45:03,5.4,
2019-01-02 11:45:02,4.6,
2019-01-02 23:40:03,-3.2,
2019-01-03 13:40:05,-0.2,
2019-01-03 22:35:02,-4.7,
2019-01-04 06:45:04,-10.4,
2019-01-04 12:40:03,-1.2,
2019-01-05 00:10:02,-2.3,
2019-01-05 13:45:03,4.2,
2019-01-06 13:30:04,2.2,
2019-01-06 18:25:02,-1.6,
2019-01-07 11:50:03,0,
2019-01-07 20:40:02,-3.3,
2019-01-08 00:20:02,-3.4,
2019-01-08 12:55:04,1.9,
2019-01-09 06:30:03,-1.6,
2019-01-09 12:30:03,2.7,
2019-01-10 11:55:20,1.6,
2019-01-10 23:20:02,-1.3,
2019-01-11 08:00:07,-4.1,
2019-01-11 13:55:04,-0.3,
2019-01-12 00:00:03,-2.3,
2019-01-12 12:35:04,2.9,
2019-01-13 07:00:06,1,
2019-01-13 11:20:02,5.7,
2019-01-14 11:15:04,4.1,
2019-01-14 22:05:06,-3.6,
2019-01-15 00:00:03,-3.1,
2019-01-15 13:00:05,3.7,
2019-01-16 13:25:04,6,
2019-01-16 23:30:02,-2.6,
2019-01-17 03:25:17,-4.3,
2019-01-17 14:40:03,6,
2019-01-18 00:00:02,4.3,
2019-01-18 23:45:03,-7,
2019-01-19 07:35:03,-9.2,
2019-01-19 13:35:05,-0.9,
2019-01-20 12:40:04,2,
2019-01-20 23:15:02,-7.1,
2019-01-21 14:10:02,-2,
2019-01-21 23:55:03,-9.9,
2019-01-22 07:40:05,-11.8,
2019-01-22 14:05:03,-3.9,
2019-01-23 05:20:02,-13.3,
2019-01-23 22:00:03,-4.2,
2019-01-24 05:00:03,-5.1,
2019-01-24 12:25:02,-3.4,
2019-01-25 13:50:02,-1.1,
2019-01-25 18:20:03,-6.2,
2019-01-26 03:30:02,-7,
2019-01-26 22:10:02,-0.9,
2019-01-27 05:05:02,-3,
2019-01-27 12:05:02,2.5,
2019-01-28 13:00:02,2.6,
2019-01-28 22:45:02,-7.8,
2019-01-29 13:55:02,2.3,
2019-01-29 23:05:02,-12.3,
2019-01-30 05:10:02,-14.9,
2019-01-30 14:20:02,-0.6,
2019-01-31 11:20:02,-0.1,
2019-01-31 20:05:02,-4.7,
2019-02-01 00:00:02,-1.7,
2019-02-01 23:50:03,2.5,
2019-02-02 14:00:02,7.4,
2019-02-02 21:15:02,2.1,
2019-02-03 09:30:02,5.4,
2019-02-03 22:35:02,-0.2,
2019-02-04 11:55:02,1.7,
2019-02-04 20:45:02,-6.7,
2019-02-05 07:30:02,-9.4,
2019-02-05 13:30:02,-0.8,
2019-02-06 13:30:03,2.1,
2019-02-06 23:20:03,-8.3,
2019-02-07 06:05:02,-10.7,
2019-02-07 13:25:02,1.4,
2019-02-08 14:05:02,3.6,
2019-02-08 23:05:02,-4.7,
2019-02-09 00:15:02,-4.1,
2019-02-09 12:35:02,2.9,
2019-02-10 00:35:02,-3.1,
2019-02-10 14:35:02,2.9,
2019-02-11 04:45:02,0.2,
2019-02-11 11:15:02,5.7,
2019-02-12 14:20:03,3.2,
2019-02-12 23:00:03,-2.7,
2019-02-13 02:30:02,-2.9,
2019-02-13 13:45:02,5.9,
2019-02-14 13:40:02,7.6,
2019-02-14 23:35:02,-1.3,
2019-02-15 07:20:02,-1.9,
2019-02-15 15:15:02,6.4,
2019-02-16 06:50:02,-3.7,
2019-02-16 14:40:02,7.1,
2019-02-17 07:10:02,-4.7,
2019-02-17 14:45:02,5.9,
2019-02-18 07:00:02,-4.8,
2019-02-18 13:55:02,6.3,
2019-02-19 06:50:02,-4.7,
2019-02-19 13:50:02,6.4,
2019-02-20 07:00:02,-3.6,
2019-02-20 15:00:02,8.1,
2019-02-21 06:55:02,-2.3,
2019-02-21 15:00:02,9,
2019-02-22 09:00:03,7.4,
2019-02-22 23:50:03,-5.3,
2019-02-23 07:00:02,-8.3,
2019-02-23 13:45:02,1.4,
2019-02-24 04:00:02,-7.7,
2019-02-24 14:25:02,4.6,
2019-02-25 00:00:03,1.9,
2019-02-25 00:10:03,1.9,
2019-02-25 00:20:02,1.6,
2019-02-25 00:30:03,1.2,
2019-02-25 00:40:02,1,
2019-02-25 00:50:03,0.2,
2019-02-25 01:00:03,-0.3,
2019-02-25 01:10:02,-0.6,
2019-02-25 01:20:03,-0.4,
2019-02-25 01:30:03,-0.3,
2019-02-25 01:40:02,-0.7,
2019-02-25 01:50:02,-1.1,
2019-02-25 02:00:02,-1.4,
2019-02-25 02:10:02,-1.1,
2019-02-25 02:20:02,-1.4,
2019-02-25 02:30:02,-1.8,
2019-02-25 02:40:03,-2.1,
2019-02-25 02:50:03,-1.4,
2019-02-25 03:00:02,-1.9,
2019-02-25 03:10:02,-1.6,
2019-02-25 03:20:02,-2.1,
2019-02-25 03:30:02,-2.3,
2019-02-25 03:40:02,-2.4,
2019-02-25 03:50:02,-2.4,
2019-02-25 04:00:03,-2.1,
2019-02-25 04:10:02,-2.1,
2019-02-25 04:20:02,-2.2,
2019-02-25 04:30:02,-2.3,
2019-02-25 04:40:02,-2.4,
2019-02-25 04:50:02,-2.2,
2019-02-25 05:00:02,-1.9,
2019-02-25 05:10:02,-2.5,
2019-02-25 05:20:02,-2.6,
2019-02-25 05:30:02,-2.8,
2019-02-25 05:40:02,-2.7,
2019-02-25 05:45:02,-2.8,
2019-02-25 05:50:02,-2.8,
2019-02-25 05:55:02,-2.8,
2019-02-25 06:00:02,-2.8,
2019-02-25 06:10:02,-2.7,
2019-02-25 06:20:02,-2.7,
2019-02-25 06:30:02,-2.7,
2019-02-25 06:40:02,-2.7,
2019-02-25 06:50:02,-1.5,
2019-02-25 07:00:02,-0.7,
2019-02-25 07:10:02,-1.3,
2019-02-25 07:20:02,-1,
2019-02-25 07:30:03,-0.4,
2019-02-25 07:40:02,0.2,
2019-02-25 07:50:02,0.7,
2019-02-25 08:00:02,0.9,
2019-02-25 08:10:02,0.7,
2019-02-25 08:20:02,0.7,
2019-02-25 08:30:02,0.9,
2019-02-25 08:40:03,1.7,
2019-02-25 08:50:03,2.3,
2019-02-25 09:00:02,2.9,
2019-02-25 09:10:02,2.9,
2019-02-25 09:20:02,3.4,
2019-02-25 09:30:02,4.4,
2019-02-25 09:40:02,4.3,
2019-02-25 09:50:02,4.4,
2019-02-25 10:00:03,4.4,
2019-02-25 10:10:03,4.4,
2019-02-25 10:20:02,4.4,
2019-02-25 10:30:02,4.7,
2019-02-25 10:40:02,4.8,
2019-02-25 10:50:02,5.1,
2019-02-25 11:00:02,5.3,
2019-02-25 11:10:02,5.4,
2019-02-25 11:20:02,5.7,
2019-02-25 11:30:03,6.7,
2019-02-25 11:40:02,7.6,
2019-02-25 11:50:02,8.4,
2019-02-25 12:00:02,8.3,
2019-02-25 12:10:02,8.3,
2019-02-25 12:20:02,7.7,
2019-02-25 12:30:02,8.5,
2019-02-25 12:40:03,9.3,
2019-02-25 12:50:03,10.2,
2019-02-25 12:55:03,11.1,
2019-02-25 13:00:02,10.7,
2019-02-25 13:05:02,11,
2019-02-25 13:10:02,10.7,
2019-02-25 13:20:02,9.9,
2019-02-25 13:30:02,9.1,
2019-02-25 13:40:02,10.6,
2019-02-25 13:45:02,11.1,
2019-02-25 13:50:02,11.6,
2019-02-25 14:00:03,9.8,
2019-02-25 14:10:03,10.6,
2019-02-25 14:20:02,10.3,
2019-02-25 14:30:02,10.8,
2019-02-25 14:40:02,9.6,
2019-02-25 14:50:02,9.9,
2019-02-25 15:00:02,10.9,
2019-02-25 15:10:02,10.3,
2019-02-25 15:20:03,9.9,
2019-02-25 15:30:03,8.9,
2019-02-25 15:40:02,7.9,
2019-02-25 15:50:02,7.7,
2019-02-25 16:00:02,7.5,
2019-02-25 16:10:02,7.3,
2019-02-25 16:20:02,7.3,
2019-02-25 16:30:02,7.8,
2019-02-25 16:40:02,7.8,
2019-02-25 16:50:03,7.4,
2019-02-25 17:00:02,7.2,
2019-02-25 17:10:02,6.8,
2019-02-25 17:20:02,6.4,
2019-02-25 17:30:02,6.1,
2019-02-25 17:40:02,6.3,
2019-02-25 17:50:02,5.9,
2019-02-25 18:00:02,5.7,
2019-02-25 18:10:02,5.2,
2019-02-25 18:20:02,5.3,
2019-02-25 18:30:02,4.5,
2019-02-25 18:40:02,3.7,
2019-02-25 18:50:02,3.3,
2019-02-25 19:00:02,3.2,
2019-02-25 19:10:02,2.6,
2019-02-25 19:20:02,2.6,
2019-02-25 19:30:02,2.8,
2019-02-25 19:40:02,2.6,
2019-02-25 19:50:02,2.9,
2019-02-25 20:00:02,3,
2019-02-25 20:10:02,2.9,
2019-02-25 20:20:02,2.9,
2019-02-25 20:30:02,2.6,
2019-02-25 20:40:02,2.5,
2019-02-25 20:50:02,2.2,
2019-02-25 21:00:03,1.9,
2019-02-25 21:10:02,1.6,
2019-02-25 21:20:02,1.6,
2019-02-25 21:30:02,1.8,
2019-02-25 21:40:02,2.9,
2019-02-25 21:50:02,2.5,
2019-02-25 22:00:02,2.5,
2019-02-25 22:10:02,2.6,
2019-02-25 22:20:02,2.7,
2019-02-25 22:30:02,2.8,
2019-02-25 22:40:02,2.5,
2019-02-25 22:50:02,2.6,
2019-02-25 23:00:02,2,
2019-02-25 23:10:03,1.8,
2019-02-25 23:20:02,1.9,
2019-02-25 23:30:02,2.1,
2019-02-25 23:40:03,1.7,
2019-02-25 23:50:02,1,
2019-02-26 00:00:02,0.2,
2019-02-26 00:10:02,0.3,
2019-02-26 00:20:02,-0.2,
2019-02-26 00:30:02,-0.2,
2019-02-26 00:35:02,-0.3,
2019-02-26 00:40:02,-0.3,
2019-02-26 00:50:02,0.7,
2019-02-26 01:00:02,0.9,
2019-02-26 01:10:02,0.3,
2019-02-26 01:20:02,-0.5,
2019-02-26 01:25:02,-0.7,
2019-02-26 01:30:02,-0.6,
2019-02-26 01:35:02,-0.3,
2019-02-26 01:40:02,-0.2,
2019-02-26 01:50:02,0.1,
2019-02-26 02:00:02,0.8,
2019-02-26 02:10:03,1.3,
2019-02-26 02:20:02,2.8,
2019-02-26 02:30:02,3.1,
2019-02-26 02:40:02,2.8,
2019-02-26 02:50:02,1.5,
2019-02-26 03:00:02,1.9,
2019-02-26 03:10:02,2.4,
2019-02-26 03:20:02,2.5,
2019-02-26 03:30:02,2.6,
2019-02-26 03:40:02,3.2,
2019-02-26 03:50:02,3.3,
2019-02-26 04:00:02,2.6,
2019-02-26 04:10:02,2.1,
2019-02-26 04:20:02,1.4,
2019-02-26 04:30:02,1.3,
2019-02-26 04:40:02,1.4,
2019-02-26 04:50:02,1.9,
2019-02-26 05:00:03,1.6,
2019-02-26 05:10:02,1.6,
2019-02-26 05:20:02,0.7,
2019-02-26 05:30:02,0.2,
2019-02-26 05:40:02,0.3,
2019-02-26 05:50:02,1.5,
2019-02-26 06:00:03,1.3,
2019-02-26 06:10:02,1.3,
2019-02-26 06:20:02,0.6,
2019-02-26 06:30:02,0.9,
2019-02-26 06:40:02,1.1,
2019-02-26 06:50:02,1.1,
2019-02-26 07:00:02,1.1,
2019-02-26 07:10:02,2.9,
2019-02-26 07:20:02,3.7,
2019-02-26 07:30:02,2.9,
2019-02-26 07:40:02,3.7,
2019-02-26 07:50:03,4.1,
2019-02-26 08:00:02,4.5,
2019-02-26 08:10:02,4.8,
2019-02-26 08:20:02,5.2,
2019-02-26 08:30:02,5.3,
2019-02-26 08:40:02,6.1,
2019-02-26 08:50:02,6.5,
2019-02-26 09:00:02,6.6,
2019-02-26 09:10:03,6.9,
2019-02-26 09:20:02,7.6,
2019-02-26 09:30:02,7.6,
2019-02-26 09:40:02,8.4,
2019-02-26 09:50:02,8.3,
2019-02-26 10:00:02,8.6,
2019-02-26 10:10:02,8.7,
2019-02-26 10:20:03,8.7,
2019-02-26 10:30:02,8.9,
2019-02-26 10:40:02,9.6,
2019-02-26 10:50:02,8.9,
2019-02-26 11:00:02,9.4,
2019-02-26 11:10:02,9.4,
2019-02-26 11:20:02,9.1,
2019-02-26 11:30:02,9,
2019-02-26 11:40:03,9.6,
2019-02-26 11:50:02,9.7,
2019-02-26 12:00:02,9.6,
2019-02-26 12:10:02,9.6,
2019-02-26 12:20:02,9.8,
2019-02-26 12:30:02,9.4,
2019-02-26 12:40:02,9.7,
2019-02-26 12:50:02,9.7,
2019-02-26 13:00:03,9.6,
2019-02-26 13:10:02,9.1,
2019-02-26 13:20:02,9,
2019-02-26 13:30:02,9,
2019-02-26 13:40:02,9.7,
2019-02-26 13:45:02,10,
2019-02-26 13:50:02,9.9,
2019-02-26 13:55:02,10.3,
2019-02-26 14:00:02,10.1,
2019-02-26 14:05:02,9.9,
2019-02-26 14:10:02,9.7,
2019-02-26 14:20:03,9.4,
2019-02-26 14:30:02,9.3,
2019-02-26 14:40:02,9.1,
2019-02-26 14:50:02,8.9,
2019-02-26 15:00:02,9.3,
2019-02-26 15:10:02,9.1,
2019-02-26 15:20:02,8.9,
2019-02-26 15:30:02,9.2,
2019-02-26 15:40:02,9,
2019-02-26 15:50:02,8.6,
2019-02-26 16:00:02,8.4,
2019-02-26 16:10:02,9.1,
2019-02-26 16:20:02,9.3,
2019-02-26 16:30:02,8.9,
2019-02-26 16:40:02,8.4,
2019-02-26 16:50:02,8.1,
2019-02-26 17:00:02,7.9,
2019-02-26 17:10:03,7.9,
2019-02-26 17:20:02,7.5,
2019-02-26 17:30:02,7.4,
2019-02-26 17:40:02,7.3,
2019-02-26 17:50:02,7.3,
2019-02-26 18:00:02,7.1,
2019-02-26 18:10:02,6.6,
2019-02-26 18:20:02,6.3,
2019-02-26 18:30:02,6,
2019-02-26 18:40:02,5.1,
2019-02-26 18:50:02,3.8,
2019-02-26 19:00:02,3.2,
2019-02-26 19:10:02,3.5,
2019-02-26 19:20:02,3.9,
2019-02-26 19:30:03,5.2,
2019-02-26 19:40:02,4.7,
2019-02-26 19:50:03,3.9,
2019-02-26 20:00:02,3,
2019-02-26 20:10:02,2.1,
2019-02-26 20:20:02,1.7,
2019-02-26 20:30:02,1.6,
2019-02-26 20:40:02,1.5,
2019-02-26 20:50:02,2.5,
2019-02-26 21:00:02,3.4,
2019-02-26 21:10:02,4.1,
2019-02-26 21:20:02,4.3,
2019-02-26 21:30:02,3.6,
2019-02-26 21:40:02,3.1,
2019-02-26 21:50:02,3.4,
2019-02-26 22:00:02,3.6,
2019-02-26 22:10:02,3.7,
2019-02-26 22:20:03,3.1,
2019-02-26 22:30:02,2.5,
2019-02-26 22:40:02,2,
2019-02-26 22:50:02,1.7,
2019-02-26 23:00:02,1.9,
2019-02-26 23:10:02,2.3,
2019-02-26 23:20:02,3.2,
2019-02-26 23:30:02,3,
2019-02-26 23:40:02,3.7,
2019-02-26 23:50:03,4,
2019-02-27 00:00:02,4.1,
2019-02-27 00:10:02,4.1,
2019-02-27 00:20:02,4.4,
2019-02-27 00:30:02,3.9,
2019-02-27 00:40:02,3.4,
2019-02-27 00:50:02,3.4,
2019-02-27 01:00:03,2.8,
2019-02-27 01:10:03,2.3,
2019-02-27 01:20:02,1.7,
2019-02-27 01:30:02,1.3,
2019-02-27 01:40:02,1.5,
2019-02-27 01:50:02,1.6,
2019-02-27 02:00:02,0.4,
2019-02-27 02:10:02,-0.1,
2019-02-27 02:20:02,-0.4,
2019-02-27 02:30:03,-0.6,
2019-02-27 02:40:02,-0.8,
2019-02-27 02:50:02,-1.1,
2019-02-27 03:00:02,-1.6,
2019-02-27 03:10:03,-1.7,
2019-02-27 03:20:02,-1.8,
2019-02-27 03:30:03,-1.9,
2019-02-27 03:40:02,-2.1,
2019-02-27 03:50:02,-2.4,
2019-02-27 04:00:02,-2.5,
2019-02-27 04:10:02,-2.5,
2019-02-27 04:20:02,-2.4,
2019-02-27 04:30:02,-2.7,
2019-02-27 04:40:02,-2.7,
2019-02-27 04:50:02,-2.7,
2019-02-27 05:00:02,-2.9,
2019-02-27 05:10:02,-2.8,
2019-02-27 05:15:03,-3,
2019-02-27 05:20:02,-3.2,
2019-02-27 05:25:02,-3.1,
2019-02-27 05:30:02,-3.1,
2019-02-27 05:35:02,-3,
2019-02-27 05:40:02,-2.8,
2019-02-27 05:50:02,-2.6,
2019-02-27 06:00:02,-2.9,
2019-02-27 06:10:02,-2.7,
2019-02-27 06:20:02,-2.6,
2019-02-27 06:30:03,-2.3,
2019-02-27 06:40:03,-2.1,
2019-02-27 06:50:02,-1.4,
2019-02-27 07:00:02,-0.9,
2019-02-27 07:10:02,-0.6,
2019-02-27 07:20:02,-0.6,
2019-02-27 07:30:02,-0.1,
2019-02-27 07:40:02,0.1,
2019-02-27 07:50:02,0,
2019-02-27 08:00:02,0.2,
2019-02-27 08:10:03,0.5,
2019-02-27 08:20:02,0.7,
2019-02-27 08:30:02,1.6,
2019-02-27 08:40:02,2.1,
2019-02-27 08:50:02,2.6,
2019-02-27 09:00:02,2.8,
2019-02-27 09:10:02,3.4,
2019-02-27 09:20:02,3.8,
2019-02-27 09:30:02,4.2,
2019-02-27 09:40:02,4.4,
2019-02-27 09:50:02,4.6,
2019-02-27 10:00:02,4.6,
2019-02-27 10:10:02,4.7,
2019-02-27 10:20:02,4.8,
2019-02-27 10:30:02,4.8,
2019-02-27 10:40:02,5.2,
2019-02-27 10:50:02,5.5,
2019-02-27 11:00:02,5.5,
2019-02-27 11:10:02,5.6,
2019-02-27 11:20:02,6.1,
2019-02-27 11:30:02,6.2,
2019-02-27 11:40:02,6.2,
2019-02-27 11:50:02,6.4,
2019-02-27 12:00:02,6.7,
2019-02-27 12:10:02,6.7,
2019-02-27 12:20:02,7.1,
2019-02-27 12:30:02,7,
2019-02-27 12:40:02,7.2,
2019-02-27 12:50:02,7.4,
2019-02-27 13:00:02,7.4,
2019-02-27 13:10:02,7.8,
2019-02-27 13:20:02,7.7,
2019-02-27 13:30:02,7.9,
2019-02-27 13:40:02,7.9,
2019-02-27 13:50:02,7.9,
2019-02-27 14:00:02,8.3,
2019-02-27 14:10:02,8.1,
2019-02-27 14:20:02,8.3,
2019-02-27 14:30:02,8.2,
2019-02-27 14:40:02,8.1,
2019-02-27 14:50:02,8.3,
2019-02-27 14:55:02,8.4,
2019-02-27 15:00:03,8.3,
2019-02-27 15:10:02,8.1,
2019-02-27 15:20:02,8.1,
2019-02-27 15:30:02,8.2,
2019-02-27 15:40:02,8.1,
2019-02-27 15:50:02,8,
2019-02-27 16:00:03,7.8,
2019-02-27 16:10:02,7.5,
2019-02-27 16:20:03,7.3,
2019-02-27 16:30:02,7.1,
2019-02-27 16:40:02,6.7,
2019-02-27 16:50:02,6.3,
2019-02-27 17:00:02,6.1,
2019-02-27 17:10:02,5.7,
2019-02-27 17:20:02,5.3,
2019-02-27 17:30:02,4.7,
2019-02-27 17:40:02,4.3,
2019-02-27 17:50:03,3.7,
2019-02-27 18:00:02,3.7,
2019-02-27 18:10:02,3,
2019-02-27 18:20:02,2.6,
2019-02-27 18:30:02,2.1,
2019-02-27 18:40:02,1.9,
2019-02-27 18:50:03,2.3,
2019-02-27 19:00:03,1.5,
2019-02-27 19:10:02,1.8,
2019-02-27 19:20:02,1.1,
2019-02-27 19:30:02,0.6,
2019-02-27 19:40:02,0.6,
2019-02-27 19:50:02,0.3,
2019-02-27 20:00:03,0,
2019-02-27 20:10:02,-0.3,
2019-02-27 20:20:02,-0.3,
2019-02-27 20:30:03,-0.7,
2019-02-27 20:40:02,-0.4,
2019-02-27 20:50:02,-0.3,
2019-02-27 21:00:02,-0.7,
2019-02-27 21:10:02,-0.4,
2019-02-27 21:20:02,-0.6,
2019-02-27 21:30:02,-0.9,
2019-02-27 21:40:02,-0.6,
2019-02-27 21:50:02,-0.9,
2019-02-27 22:00:02,-0.9,
2019-02-27 22:10:02,-0.9,
2019-02-27 22:20:02,-1,
2019-02-27 22:30:02,-1,
2019-02-27 22:40:02,-0.7,
2019-02-27 22:50:02,-0.9,
2019-02-27 23:00:02,-0.8,
2019-02-27 23:10:02,-0.8,
2019-02-27 23:20:02,-0.6,
2019-02-27 23:30:02,-0.9,
2019-02-27 23:40:02,-1,
2019-02-27 23:50:02,-1.3,
2019-02-28 00:00:02,-1.6,
2019-02-28 00:10:02,-1.6,
2019-02-28 00:20:02,-2,
2019-02-28 00:30:03,-1.9,
2019-02-28 00:40:03,-1.9,
2019-02-28 00:50:02,-2.2,
2019-02-28 01:00:02,-2.1,
2019-02-28 01:10:02,-2.3,
2019-02-28 01:20:02,-2.4,
2019-02-28 01:30:02,-2.4,
2019-02-28 01:40:02,-2.4,
2019-02-28 01:50:03,-2.5,
2019-02-28 02:00:03,-2.5,
2019-02-28 02:10:02,-2.6,
2019-02-28 02:20:02,-2.7,
2019-02-28 02:30:02,-2.9,
2019-02-28 02:40:02,-3.1,
2019-02-28 02:50:02,-3,
2019-02-28 03:00:03,-2.8,
2019-02-28 03:10:02,-2.9,
2019-02-28 03:20:02,-3.1,
2019-02-28 03:30:02,-2.9,
2019-02-28 03:40:02,-3.1,
2019-02-28 03:50:02,-3.2,
2019-02-28 04:00:02,-3.3,
2019-02-28 04:10:02,-3.4,
2019-02-28 04:20:02,-3.3,
2019-02-28 04:30:03,-3.4,
2019-02-28 04:40:03,-3.4,
2019-02-28 04:50:02,-3.6,
2019-02-28 05:00:02,-3.4,
2019-02-28 05:10:02,-3.7,
2019-02-28 05:20:02,-3.9,
2019-02-28 05:30:02,-3.7,
2019-02-28 05:40:02,-3.9,
2019-02-28 05:45:02,-4,
2019-02-28 05:50:02,-3.9,
2019-02-28 06:00:03,-3.9,
2019-02-28 06:10:02,-3.6,
2019-02-28 06:15:02,-4,
2019-02-28 06:20:02,-4,
2019-02-28 06:30:02,-4,
2019-02-28 06:35:02,-4.1,
2019-02-28 06:40:02,-4.1,
2019-02-28 06:50:02,-4,
2019-02-28 07:00:02,-3.7,
2019-02-28 07:10:02,-3.7,
2019-02-28 07:20:02,-3.3,
2019-02-28 07:30:02,-3.1,
2019-02-28 07:40:02,-2.6,
2019-02-28 07:50:02,-2.2,
2019-02-28 08:00:02,-1.7,
2019-02-28 08:10:02,-1.4,
2019-02-28 08:20:02,-1.1,
2019-02-28 08:30:02,-0.4,
2019-02-28 08:40:02,-0.2,
2019-02-28 08:50:02,0.5,
2019-02-28 09:00:03,1.3,
2019-02-28 09:10:02,1.9,
2019-02-28 09:20:02,2.4,
2019-02-28 09:30:02,2.8,
2019-02-28 09:40:02,3.4,
2019-02-28 09:50:02,3.6,
2019-02-28 10:00:03,3.3,
2019-02-28 10:10:02,3.9,
2019-02-28 10:20:02,4.1,
2019-02-28 10:30:02,4.5,
2019-02-28 10:40:02,5.7,
2019-02-28 10:50:02,6.6,
2019-02-28 11:00:02,7.2,
2019-02-28 11:10:02,8.2,
2019-02-28 11:20:02,7.8,
2019-02-28 11:30:02,8.2,
2019-02-28 11:40:02,9.5,
2019-02-28 11:50:02,10.7,
2019-02-28 12:00:02,9.4,
2019-02-28 12:10:02,10.1,
2019-02-28 12:20:02,9,
2019-02-28 12:30:03,9.5,
2019-02-28 12:40:02,9.9,
2019-02-28 12:50:03,9.4,
2019-02-28 13:00:03,10.2,
2019-02-28 13:10:02,9.9,
2019-02-28 13:20:02,10.1,
2019-02-28 13:30:02,10.4,
2019-02-28 13:40:02,10.6,
2019-02-28 13:50:02,10.6,
2019-02-28 14:00:02,11.3,
2019-02-28 14:10:03,11.3,
2019-02-28 14:20:03,11.9,
2019-02-28 14:25:03,12.1,
2019-02-28 14:30:02,11.3,
2019-02-28 14:40:02,10.9,
2019-02-28 14:50:02,11.1,
2019-02-28 15:00:02,12.1,
2019-02-28 15:05:02,12.3,
2019-02-28 15:10:02,11.1,
2019-02-28 15:20:02,11.4,
2019-02-28 15:30:02,11.3,
2019-02-28 15:35:02,12,
2019-02-28 15:40:03,11.4,
2019-02-28 15:50:02,11.2,
2019-02-28 16:00:02,10.3,
2019-02-28 16:10:02,9.9,
2019-02-28 16:20:02,10.5,
2019-02-28 16:30:02,10.6,
2019-02-28 16:40:02,9.5,
2019-02-28 16:50:03,9.4,
2019-02-28 17:00:03,9.1,
2019-02-28 17:10:02,8.5,
2019-02-28 17:20:02,8.2,
2019-02-28 17:30:02,7.5,
2019-02-28 17:40:02,7.1,
2019-02-28 17:50:02,7.7,
2019-02-28 18:00:02,8.3,
2019-02-28 18:10:02,8.6,
2019-02-28 18:20:02,8.4,
2019-02-28 18:30:03,8.4,
2019-02-28 18:40:02,7.9,
2019-02-28 18:50:02,8.1,
2019-02-28 19:00:02,8.1,
2019-02-28 19:10:02,7.6,
2019-02-28 19:20:02,7.4,
2019-02-28 19:30:02,6.8,
2019-02-28 19:40:02,6.6,
2019-02-28 19:50:02,7.1,
2019-02-28 20:00:02,7,
2019-02-28 20:10:02,7.2,
2019-02-28 20:20:02,7.3,
2019-02-28 20:30:02,7.3,
2019-02-28 20:40:02,7.1,
2019-02-28 20:50:02,7.4,
2019-02-28 21:00:02,7.6,
2019-02-28 21:10:02,7.2,
2019-02-28 21:20:02,7.1,
2019-02-28 21:30:02,6.9,
2019-02-28 21:40:02,7.2,
2019-02-28 21:50:02,7.3,
2019-02-28 22:00:02,7,
2019-02-28 22:10:02,6.6,
2019-02-28 22:20:03,6.6,
2019-02-28 22:30:03,6.7,
2019-02-28 22:40:03,6.8,
2019-02-28 22:50:02,6.9,
2019-02-28 23:00:02,7.2,
2019-02-28 23:10:02,7.2,
2019-02-28 23:20:02,7,
2019-02-28 23:30:02,7.1,
2019-02-28 23:40:02,6.9,
2019-02-28 23:50:02,6.7,
2019-03-01 00:00:02,6.5,
2019-03-01 00:10:02,6.2,
2019-03-01 00:20:02,6.5,
2019-03-01 00:30:02,6.5,
2019-03-01 00:40:02,6.3,
2019-03-01 00:50:02,6.1,
2019-03-01 01:00:02,5.8,
2019-03-01 01:10:02,5.7,
2019-03-01 01:20:02,4.7,
2019-03-01 01:25:02,4.6,
2019-03-01 01:30:02,4.4,
2019-03-01 01:35:02,4.6,
2019-03-01 01:40:02,4.9,
2019-03-01 01:50:02,5.3,
2019-03-01 02:00:02,5.6,
2019-03-01 02:10:02,5.2,
2019-03-01 02:20:02,5.3,
2019-03-01 02:30:03,5.6,
2019-03-01 02:40:03,6.1,
2019-03-01 02:50:02,6.2,
2019-03-01 03:00:02,6.3,
2019-03-01 03:10:02,6.1,
2019-03-01 03:20:02,6.4,
2019-03-01 03:30:02,6.3,
2019-03-01 03:40:02,6.3,
2019-03-01 03:50:02,6.4,
2019-03-01 04:00:03,6.5,
2019-03-01 04:10:02,6.6,
2019-03-01 04:20:02,6.2,
2019-03-01 04:30:02,6.1,
2019-03-01 04:40:02,6.3,
2019-03-01 04:50:02,6.6,
2019-03-01 05:00:02,6.8,
2019-03-01 05:10:02,6.6,
2019-03-01 05:20:03,6.9,
2019-03-01 05:30:02,6.8,
2019-03-01 05:40:02,6.9,
2019-03-01 05:50:02,6.9,
2019-03-01 06:00:02,6.6,
2019-03-01 06:10:02,6.9,
2019-03-01 06:20:02,6.7,
2019-03-01 06:30:03,6.8,
2019-03-01 06:40:02,6.7,
2019-03-01 06:50:02,6.8,
2019-03-01 07:00:02,6.9,
2019-03-01 07:10:02,6.8,
2019-03-01 07:20:02,6.8,
2019-03-01 07:30:02,6.9,
2019-03-01 07:40:02,6.9,
2019-03-01 07:50:02,6.7,
2019-03-01 08:00:02,6.9,
2019-03-01 08:10:02,7.2,
2019-03-01 08:20:02,7.3,
2019-03-01 08:30:02,7.6,
2019-03-01 08:40:02,8.2,
2019-03-01 08:50:02,8.6,
2019-03-01 09:00:03,9.1,
2019-03-01 09:10:02,9.1,
2019-03-01 09:20:02,10.6,
2019-03-01 09:30:02,9.9,
2019-03-01 09:40:02,9.6,
2019-03-01 09:50:03,9.7,
2019-03-01 10:00:02,9.9,
2019-03-01 10:10:02,10.6,
2019-03-01 10:20:02,10.2,
2019-03-01 10:25:03,10.7,
2019-03-01 10:30:02,11,
2019-03-01 10:35:02,11.3,
2019-03-01 10:40:02,11.2,
2019-03-01 10:50:02,10.7,
2019-03-01 11:00:02,9.9,
2019-03-01 11:10:02,9.9,
2019-03-01 11:20:02,10.3,
2019-03-01 11:30:02,10.3,
2019-03-01 11:40:02,9.7,
2019-03-01 11:50:03,9.9,
2019-03-01 12:00:03,10.4,
2019-03-01 12:10:02,10.1,
2019-03-01 12:20:02,9.9,
2019-03-01 12:30:02,9.7,
2019-03-01 12:40:02,9.8,
2019-03-01 12:50:02,9.8,
2019-03-01 13:00:02,9.7,
2019-03-01 13:10:02,9.9,
2019-03-01 13:20:03,9.6,
2019-03-01 13:30:02,10.3,
2019-03-01 13:40:02,9.7,
2019-03-01 13:50:02,9.4,
2019-03-01 14:00:02,10.1,
2019-03-01 14:10:02,10.4,
2019-03-01 14:15:02,10.9,
2019-03-01 14:20:02,10.6,
2019-03-01 14:30:03,9.1,
2019-03-01 14:40:03,9.1,
2019-03-01 14:50:02,9.3,
2019-03-01 15:00:02,10,
2019-03-01 15:10:02,10.2,
2019-03-01 15:20:02,10,
2019-03-01 15:30:02,9.9,
2019-03-01 15:40:02,9.7,
2019-03-01 15:50:02,9.9,
2019-03-01 16:00:03,9.7,
2019-03-01 16:10:03,9.9,
2019-03-01 16:20:02,9.7,
2019-03-01 16:30:02,9.8,
2019-03-01 16:40:02,9.6,
2019-03-01 16:50:02,9.2,
2019-03-01 17:00:02,9,
2019-03-01 17:10:02,8.7,
2019-03-01 17:20:02,8.8,
2019-03-01 17:30:03,8.3,
2019-03-01 17:40:02,8.1,
2019-03-01 17:50:02,7.8,
2019-03-01 18:00:02,7.9,
2019-03-01 18:10:02,7.5,
2019-03-01 18:20:02,7.5,
2019-03-01 18:30:02,7.4,
2019-03-01 18:40:02,7.2,
2019-03-01 18:50:02,7.2,
2019-03-01 19:00:02,7.1,
2019-03-01 19:10:02,6.9,
2019-03-01 19:20:02,7,
2019-03-01 19:30:02,6.7,
2019-03-01 19:40:02,6.8,
2019-03-01 19:50:02,6.7,
2019-03-01 20:00:02,6.6,
2019-03-01 20:10:02,6.5,
2019-03-01 20:20:02,6.6,
2019-03-01 20:30:02,6.5,
2019-03-01 20:40:02,6.4,
2019-03-01 20:50:02,6.4,
2019-03-01 21:00:02,6.4,
2019-03-01 21:10:02,6.4,
2019-03-01 21:20:02,6.3,
2019-03-01 21:30:03,6.3,
2019-03-01 21:40:03,6.3,
2019-03-01 21:50:02,6.3,
2019-03-01 22:00:02,6.3,
2019-03-01 22:10:02,6.1,
2019-03-01 22:20:02,5.9,
2019-03-01 22:30:03,5.9,
2019-03-01 22:40:02,5.9,
2019-03-01 22:50:02,5.8,
2019-03-01 23:00:02,5.9,
2019-03-01 23:10:02,6,
2019-03-01 23:20:02,5.6,
2019-03-01 23:30:02,5.4,
2019-03-01 23:40:02,5.2,
2019-03-01 23:50:02,5.1,
2019-03-02 00:00:03,5.2,
2019-03-02 00:10:03,5,
2019-03-02 00:20:03,5,
2019-03-02 00:30:02,4.9,
2019-03-02 00:40:02,4.8,
2019-03-02 00:50:02,4.7,
2019-03-02 01:00:03,4.7,
2019-03-02 01:10:02,4.6,
2019-03-02 01:20:02,4.6,
2019-03-02 01:30:02,4.5,
2019-03-02 01:40:02,4.4,
2019-03-02 01:50:03,4.3,
2019-03-02 02:00:02,4.3,
2019-03-02 02:10:02,3.9,
2019-03-02 02:20:02,3.4,
2019-03-02 02:30:02,3.1,
2019-03-02 02:40:02,3,
2019-03-02 02:50:02,3.4,
2019-03-02 03:00:03,3.6,
2019-03-02 03:10:02,3.4,
2019-03-02 03:20:02,3.3,
2019-03-02 03:30:02,3.1,
2019-03-02 03:40:02,2.7,
2019-03-02 03:50:02,2.6,
2019-03-02 04:00:02,2.7,
2019-03-02 04:10:02,2.8,
2019-03-02 04:20:02,2.7,
2019-03-02 04:30:02,2.7,
2019-03-02 04:40:02,2.6,
2019-03-02 04:50:02,1.7,
2019-03-02 05:00:02,1.4,
2019-03-02 05:10:02,1.2,
2019-03-02 05:20:02,1.1,
2019-03-02 05:30:02,1.3,
2019-03-02 05:40:02,1.3,
2019-03-02 05:50:02,1.1,
2019-03-02 06:00:03,0.9,
2019-03-02 06:10:03,1,
2019-03-02 06:20:02,0.9,
2019-03-02 06:25:02,0.8,
2019-03-02 06:30:02,0.7,
2019-03-02 06:40:02,0.7,
2019-03-02 06:45:02,0.7,
2019-03-02 06:50:02,0.8,
2019-03-02 07:00:02,0.9,
2019-03-02 07:10:02,0.9,
2019-03-02 07:20:02,1.3,
2019-03-02 07:30:02,1.3,
2019-03-02 07:40:03,1.6,
2019-03-02 07:50:02,2,
2019-03-02 08:00:02,2.2,
2019-03-02 08:10:02,2.6,
2019-03-02 08:20:02,2.9,
2019-03-02 08:30:02,3.1,
2019-03-02 08:40:02,3.6,
2019-03-02 08:50:02,3.5,
2019-03-02 09:00:03,3.5,
2019-03-02 09:10:02,3.5,
2019-03-02 09:20:02,4.1,
2019-03-02 09:30:02,4.3,
2019-03-02 09:40:02,4.8,
2019-03-02 09:50:02,5.1,
2019-03-02 10:00:03,5.3,
2019-03-02 10:10:02,5.4,
2019-03-02 10:20:03,4.6,
2019-03-02 10:30:02,4.9,
2019-03-02 10:40:02,5.2,
2019-03-02 10:50:02,5.3,
2019-03-02 11:00:02,5.4,
2019-03-02 11:10:02,4.9,
2019-03-02 11:20:02,5.1,
2019-03-02 11:30:03,5.3,
2019-03-02 11:40:03,6.5,
2019-03-02 11:45:03,7.4,
2019-03-02 11:50:03,7.2,
2019-03-02 12:00:02,7.4,
2019-03-02 12:10:08,7.1,
2019-03-02 12:20:02,7,
2019-03-02 12:30:02,7.5,
2019-03-02 12:35:03,7.7,
2019-03-02 12:40:02,7.4,
2019-03-02 12:50:02,7.2,
2019-03-02 13:00:03,6.9,
2019-03-02 13:10:02,6.5,
2019-03-02 13:20:02,6.6,
2019-03-02 13:30:02,7,
2019-03-02 13:40:02,7.1,
2019-03-02 13:50:02,7.3,
2019-03-02 14:00:02,7.1,
2019-03-02 14:10:02,6.9,
2019-03-02 14:20:02,6.3,
2019-03-02 14:30:02,6.3,
2019-03-02 14:40:02,6,
2019-03-02 14:50:02,6.1,
2019-03-02 15:00:02,6,
2019-03-02 15:10:02,6.1,
2019-03-02 15:20:02,5.9,
2019-03-02 15:30:02,5.9,
2019-03-02 15:40:03,5.6,
2019-03-02 15:50:03,5.6,
2019-03-02 16:00:02,5.3,
2019-03-02 16:10:02,5.3,
2019-03-02 16:20:02,5.2,
2019-03-02 16:30:02,5.2,
2019-03-02 16:40:02,5.1,
2019-03-02 16:50:02,4.9,
2019-03-02 17:00:02,4.8,
2019-03-02 17:10:02,4.7,
2019-03-02 17:20:02,4.5,
2019-03-02 17:30:02,4.4,
2019-03-02 17:40:02,4.3,
2019-03-02 17:50:02,4.1,
2019-03-02 18:00:02,4.1,
2019-03-02 18:10:02,4,
2019-03-02 18:20:03,4,
2019-03-02 18:30:03,3.9,
2019-03-02 18:40:02,3.9,
2019-03-02 18:50:02,3.8,
2019-03-02 19:00:02,3.7,
2019-03-02 19:10:02,3.7,
2019-03-02 19:20:02,3.7,
2019-03-02 19:30:02,3.6,
2019-03-02 19:40:02,3.5,
2019-03-02 19:50:03,3.4,
2019-03-02 20:00:03,3.4,
2019-03-02 20:10:02,3.3,
2019-03-02 20:20:02,3.3,
2019-03-02 20:30:02,3.2,
2019-03-02 20:40:02,3,
2019-03-02 20:50:02,3,
2019-03-02 21:00:02,2.9,
2019-03-02 21:10:02,2.8,
2019-03-02 21:20:02,2.8,
2019-03-02 21:30:02,2.4,
2019-03-02 21:40:02,1.9,
2019-03-02 21:50:02,1.6,
2019-03-02 22:00:02,1.7,
2019-03-02 22:10:02,2,
2019-03-02 22:20:02,2.3,
2019-03-02 22:30:02,2.3,
2019-03-02 22:40:03,2.5,
2019-03-02 22:50:02,2.4,
2019-03-02 23:00:02,2.3,
2019-03-02 23:10:02,2.4,
2019-03-02 23:20:02,2.5,
2019-03-02 23:30:02,2.6,
2019-03-02 23:40:02,2.7,
2019-03-02 23:50:02,2.7,
2019-03-03 00:00:03,2.8,
2019-03-03 00:10:02,2.6,
2019-03-03 00:20:02,2.7,
2019-03-03 00:30:02,2.9,
2019-03-03 00:40:02,2.6,
2019-03-03 00:50:02,2.5,
2019-03-03 01:00:03,2.6,
2019-03-03 01:10:02,2.6,
2019-03-03 01:20:03,2.7,
2019-03-03 01:30:02,2.7,
2019-03-03 01:40:02,2.6,
2019-03-03 01:50:02,2.6,
2019-03-03 02:00:02,2.6,
2019-03-03 02:10:03,2.6,
2019-03-03 02:20:02,2.6,
2019-03-03 02:30:02,2.6,
2019-03-03 02:35:02,2.3,
2019-03-03 02:40:02,2.2,
2019-03-03 02:45:03,2.3,
2019-03-03 02:50:02,2.4,
2019-03-03 03:00:02,2.6,
2019-03-03 03:10:02,2.6,
2019-03-03 03:20:02,2.3,
2019-03-03 03:30:02,2.3,
2019-03-03 03:40:02,2.5,
2019-03-03 03:50:02,2.6,
2019-03-03 04:00:02,2.6,
2019-03-03 04:10:03,2.6,
2019-03-03 04:20:02,2.5,
2019-03-03 04:30:02,2.6,
2019-03-03 04:40:02,2.6,
2019-03-03 04:50:02,2.7,
2019-03-03 05:00:02,2.7,
2019-03-03 05:10:02,2.8,
2019-03-03 05:20:02,2.9,
2019-03-03 05:30:02,3,
2019-03-03 05:40:02,2.9,
2019-03-03 05:50:02,2.9,
2019-03-03 06:00:02,2.7,
2019-03-03 06:10:02,2.8,
2019-03-03 06:20:02,2.7,
2019-03-03 06:30:02,2.8,
2019-03-03 06:40:02,2.9,
2019-03-03 06:50:02,2.9,
2019-03-03 07:00:02,3,
2019-03-03 07:10:02,3.1,
2019-03-03 07:20:02,3.2,
2019-03-03 07:30:02,3.3,
2019-03-03 07:40:02,3.3,
2019-03-03 07:50:02,3.4,
2019-03-03 08:00:02,3.6,
2019-03-03 08:10:02,3.7,
2019-03-03 08:20:02,3.9,
2019-03-03 08:30:02,4.1,
2019-03-03 08:40:02,4.1,
2019-03-03 08:50:03,4.7,
2019-03-03 09:00:02,4.9,
2019-03-03 09:10:02,5.3,
2019-03-03 09:20:02,6.4,
2019-03-03 09:30:02,6.1,
2019-03-03 09:40:02,6.5,
2019-03-03 09:50:02,7.1,
2019-03-03 10:00:02,7.9,
2019-03-03 10:10:03,7.8,
2019-03-03 10:20:02,7.7,
2019-03-03 10:30:02,7.6,
2019-03-03 10:40:02,8.4,
2019-03-03 10:50:02,9.4,
2019-03-03 11:00:02,8.7,
2019-03-03 11:10:02,8.8,
2019-03-03 11:20:02,9.3,
2019-03-03 11:30:02,9.6,
2019-03-03 11:40:02,9.4,
2019-03-03 11:50:02,9.5,
2019-03-03 12:00:02,9.2,
2019-03-03 12:10:02,9.4,
2019-03-03 12:20:02,9.3,
2019-03-03 12:30:02,9.6,
2019-03-03 12:40:02,10.3,
2019-03-03 12:50:03,10.6,
2019-03-03 12:55:03,10.6,
2019-03-03 13:00:03,10.4,
2019-03-03 13:10:02,10.3,
2019-03-03 13:20:02,10.3,
2019-03-03 13:30:02,10.1,
2019-03-03 13:40:02,10.3,
2019-03-03 13:50:02,10.3,
2019-03-03 14:00:02,10.6,
2019-03-03 14:10:03,10.1,
2019-03-03 14:20:02,10.4,
2019-03-03 14:30:02,10.3,
2019-03-03 14:40:02,10.3,
2019-03-03 14:50:02,10.5,
2019-03-03 15:00:02,10.4,
2019-03-03 15:05:02,10.6,
2019-03-03 15:10:02,10.4,
2019-03-03 15:20:02,10.5,
2019-03-03 15:25:02,10.6,
2019-03-03 15:30:02,10.6,
2019-03-03 15:40:02,9.9,
2019-03-03 15:50:02,10.1,
2019-03-03 16:00:02,10.2,
2019-03-03 16:10:02,9.8,
2019-03-03 16:20:02,9.9,
2019-03-03 16:30:02,9.6,
2019-03-03 16:40:02,9.3,
2019-03-03 16:50:02,9.7,
2019-03-03 17:00:03,9.4,
2019-03-03 17:10:03,9.1,
2019-03-03 17:20:02,8.9,
2019-03-03 17:30:02,8.6,
2019-03-03 17:40:02,8.4,
2019-03-03 17:50:02,8.2,
2019-03-03 18:00:02,8.3,
2019-03-03 18:10:02,8.5,
2019-03-03 18:20:03,8.4,
2019-03-03 18:30:02,8.4,
2019-03-03 18:40:02,8.1,
2019-03-03 18:50:02,7.9,
2019-03-03 19:00:02,7.9,
2019-03-03 19:10:02,7.9,
2019-03-03 19:20:02,8,
2019-03-03 19:30:02,7.9,
2019-03-03 19:40:02,7.6,
2019-03-03 19:50:03,7.3,
2019-03-03 20:00:02,7.1,
2019-03-03 20:10:02,7.1,
2019-03-03 20:20:02,7.3,
2019-03-03 20:30:02,7.4,
2019-03-03 20:40:02,7.6,
2019-03-03 20:50:02,7.1,
2019-03-03 21:00:02,7.4,
2019-03-03 21:10:02,7.4,
2019-03-03 21:20:03,7.4,
2019-03-03 21:30:02,7.4,
2019-03-03 21:40:02,7,
2019-03-03 21:50:03,7.1,
2019-03-03 22:00:02,7.1,
2019-03-03 22:10:02,6.9,
2019-03-03 22:20:03,6.8,
2019-03-03 22:30:03,6.6,
2019-03-03 22:40:02,7.3,
2019-03-03 22:50:02,6.9,
2019-03-03 23:00:02,7.1,
2019-03-03 23:10:02,7.3,
2019-03-03 23:20:02,7.2,
2019-03-03 23:30:02,7.2,
2019-03-03 23:40:02,7.2,
2019-03-03 23:50:02,7.3,
2019-03-04 00:00:02,7.3,
2019-03-04 00:10:02,7.6,
2019-03-04 00:20:02,6.3,
2019-03-04 00:30:02,5.5,
2019-03-04 00:40:02,4.9,
2019-03-04 00:50:02,4.3,
2019-03-04 01:00:03,3.7,
2019-03-04 01:10:02,3.5,
2019-03-04 01:20:02,3.6,
2019-03-04 01:30:02,3.7,
2019-03-04 01:40:02,3.8,
2019-03-04 01:50:02,3.8,
2019-03-04 02:00:02,3.6,
2019-03-04 02:10:02,3.1,
2019-03-04 02:20:02,3,
2019-03-04 02:30:03,3.1,
2019-03-04 02:40:02,3.2,
2019-03-04 02:50:02,3.2,
2019-03-04 03:00:02,3.2,
2019-03-04 03:10:02,3.1,
2019-03-04 03:20:02,3,
2019-03-04 03:30:02,3.1,
2019-03-04 03:40:02,2.7,
2019-03-04 03:50:03,2.6,
2019-03-04 04:00:02,2.9,
2019-03-04 04:10:02,3,
2019-03-04 04:20:02,2.9,
2019-03-04 04:30:02,2.7,
2019-03-04 04:40:02,2.4,
2019-03-04 04:50:02,2.3,
2019-03-04 05:00:02,2.1,
2019-03-04 05:10:02,2.1,
2019-03-04 05:20:02,2.1,
2019-03-04 05:30:02,1.7,
2019-03-04 05:40:02,1.7,
2019-03-04 05:50:02,1.8,
2019-03-04 06:00:02,1.6,
2019-03-04 06:10:02,1.3,
2019-03-04 06:20:02,1.2,
2019-03-04 06:25:02,1.1,
2019-03-04 06:30:03,1.1,
2019-03-04 06:35:03,1.1,
2019-03-04 06:40:02,1.1,
2019-03-04 06:45:02,1,
2019-03-04 06:50:02,1.1,
2019-03-04 07:00:02,1.1,
2019-03-04 07:10:02,1.3,
2019-03-04 07:20:02,1.9,
2019-03-04 07:30:02,2.4,
2019-03-04 07:40:02,3.2,
2019-03-04 07:50:02,3.4,
2019-03-04 08:00:02,3.7,
2019-03-04 08:10:02,4.4,
2019-03-04 08:20:02,5.2,
2019-03-04 08:30:02,6,
2019-03-04 08:40:02,6.9,
2019-03-04 08:50:02,7,
2019-03-04 09:00:02,7.3,
2019-03-04 09:10:03,7.6,
2019-03-04 09:20:02,7.7,
2019-03-04 09:30:02,7.9,
2019-03-04 09:40:02,8.4,
2019-03-04 09:50:02,9.3,
2019-03-04 10:00:02,8.7,
2019-03-04 10:10:02,9.7,
2019-03-04 10:20:02,10.7,
2019-03-04 10:30:03,10.3,
2019-03-04 10:40:02,9.9,
2019-03-04 10:50:02,10.4,
2019-03-04 11:00:02,10.9,
2019-03-04 11:10:02,11.1,
2019-03-04 11:20:03,11.2,
2019-03-04 11:30:02,11.4,
2019-03-04 11:40:03,11.1,
2019-03-04 11:50:03,11.2,
2019-03-04 12:00:03,11.7,
2019-03-04 12:10:02,12.1,
2019-03-04 12:20:02,12.1,
2019-03-04 12:30:02,12.9,
2019-03-04 12:40:03,12.2,
2019-03-04 12:50:03,12.1,
2019-03-04 13:00:03,12.4,
2019-03-04 13:10:02,12.9,
2019-03-04 13:20:02,12.7,
2019-03-04 13:30:02,13.6,
2019-03-04 13:35:02,13.4,
2019-03-04 13:40:02,13.3,
2019-03-04 13:45:02,13.3,
2019-03-04 13:50:02,13.1,
2019-03-04 14:00:02,13.2,
2019-03-04 14:10:02,13.1,
2019-03-04 14:15:02,13.3,
2019-03-04 14:20:02,12.5,
2019-03-04 14:30:02,12.7,
2019-03-04 14:40:02,13.1,
2019-03-04 14:50:02,12.4,
2019-03-04 15:00:02,12.1,
2019-03-04 15:10:02,12.4,
2019-03-04 15:20:02,12.4,
2019-03-04 15:30:02,12,
2019-03-04 15:40:02,11.9,
2019-03-04 15:50:03,12.3,
2019-03-04 16:00:03,11.9,
2019-03-04 16:10:02,11.9,
2019-03-04 16:20:02,11.7,
2019-03-04 16:30:02,11.6,
2019-03-04 16:40:02,11.4,
2019-03-04 16:50:03,11,
2019-03-04 17:00:02,10.6,
2019-03-04 17:10:02,11.2,
2019-03-04 17:20:03,11.6,
2019-03-04 17:30:02,11.9,
2019-03-04 17:40:02,11.4,
2019-03-04 17:50:02,11.2,
2019-03-04 18:00:02,10.6,
2019-03-04 18:10:02,10.6,
2019-03-04 18:20:03,10.4,
2019-03-04 18:30:03,10.2,
2019-03-04 18:40:03,9.9,
2019-03-04 18:50:02,10.2,
2019-03-04 19:00:02,9.9,
2019-03-04 19:10:02,9.8,
2019-03-04 19:20:02,9.6,
2019-03-04 19:30:02,9.5,
2019-03-04 19:40:02,9.5,
2019-03-04 19:50:02,9.3,
2019-03-04 20:00:02,9.1,
2019-03-04 20:10:02,8.9,
2019-03-04 20:20:02,8.7,
2019-03-04 20:30:02,8.7,
2019-03-04 20:40:02,8.6,
2019-03-04 20:50:02,8.4,
2019-03-04 21:00:03,8.3,
2019-03-04 21:10:03,8.2,
2019-03-04 21:20:02,8.1,
2019-03-04 21:30:02,7.8,
2019-03-04 21:40:02,7.9,
2019-03-04 21:50:02,7.9,
2019-03-04 22:00:02,7.7,
2019-03-04 22:10:02,7.5,
2019-03-04 22:20:02,7.4,
2019-03-04 22:30:03,7.3,
2019-03-04 22:40:02,7.3,
2019-03-04 22:50:02,7.5,
2019-03-04 23:00:02,7.6,
2019-03-04 23:10:02,7.8,
2019-03-04 23:20:02,7.9,
2019-03-04 23:30:02,7.9,
2019-03-04 23:40:03,8.1,
2019-03-04 23:50:02,8.3,
2019-03-05 00:00:03,8.4,
2019-03-05 00:10:03,8.4,
2019-03-05 00:20:02,8.4,
2019-03-05 00:30:02,6.7,
2019-03-05 00:40:02,6.6,
2019-03-05 00:50:02,6,
2019-03-05 01:00:02,5.6,
2019-03-05 01:10:02,5.4,
2019-03-05 01:20:02,5.5,
2019-03-05 01:30:02,5.6,
2019-03-05 01:40:02,5.7,
2019-03-05 01:50:02,5.7,
2019-03-05 02:00:02,5.3,
2019-03-05 02:10:02,4.9,
2019-03-05 02:20:02,4.4,
2019-03-05 02:30:02,4.7,
2019-03-05 02:40:02,4.4,
2019-03-05 02:50:03,4.3,
2019-03-05 03:00:02,4.1,
2019-03-05 03:10:02,3.7,
2019-03-05 03:20:02,3.2,
2019-03-05 03:30:02,2.9,
2019-03-05 03:40:02,3,
2019-03-05 03:50:02,2.9,
2019-03-05 04:00:02,3.1,
2019-03-05 04:10:03,3.4,
2019-03-05 04:20:02,2.3,
2019-03-05 04:30:02,2.9,
2019-03-05 04:40:02,2.3,
2019-03-05 04:50:02,2,
2019-03-05 05:00:02,1.4,
2019-03-05 05:10:02,0.7,
2019-03-05 05:20:03,0.3,
2019-03-05 05:30:02,0.1,
2019-03-05 05:40:02,-0.4,
2019-03-05 05:50:02,-0.3,
2019-03-05 06:00:02,-0.4,
2019-03-05 06:10:02,-0.4,
2019-03-05 06:20:02,-0.1,
2019-03-05 06:30:03,0.4,
2019-03-05 06:40:02,0.6,
2019-03-05 06:50:02,0.6,
2019-03-05 07:00:02,0.7,
2019-03-05 07:10:02,0.8,
2019-03-05 07:20:02,1.1,
2019-03-05 07:30:02,1.6,
2019-03-05 07:40:02,2.1,
2019-03-05 07:50:02,2.7,
2019-03-05 08:00:02,4.1,
2019-03-05 08:10:02,5.6,
2019-03-05 08:20:02,5.4,
2019-03-05 08:30:02,5.7,
2019-03-05 08:40:02,5.9,
2019-03-05 08:50:02,6.1,
2019-03-05 09:00:02,6.1,
2019-03-05 09:10:02,6.6,
2019-03-05 09:20:02,6.9,
2019-03-05 09:30:02,7.1,
2019-03-05 09:40:02,7.3,
2019-03-05 09:50:02,7.7,
2019-03-05 10:00:02,8.1,
2019-03-05 10:10:02,7.9,
2019-03-05 10:20:02,8.1,
2019-03-05 10:30:02,8.6,
2019-03-05 10:40:02,8.6,
2019-03-05 10:50:02,8.7,
2019-03-05 11:00:02,7.9,
2019-03-05 11:10:02,7.9,
2019-03-05 11:20:02,8.7,
2019-03-05 11:30:02,9.6,
2019-03-05 11:40:02,8.5,
2019-03-05 11:50:02,9.1,
2019-03-05 12:00:03,9.1,
2019-03-05 12:05:03,9.5,
2019-03-05 12:10:02,9,
2019-03-05 12:20:02,9.2,
2019-03-05 12:30:02,9,
2019-03-05 12:40:02,9.3,
2019-03-05 12:50:02,8.7,
2019-03-05 13:00:02,9,
2019-03-05 13:10:02,9.3,
2019-03-05 13:20:02,8.7,
2019-03-05 13:30:03,8.5,
2019-03-05 13:40:02,8.6,
2019-03-05 13:50:02,9.3,
2019-03-05 13:55:02,9.7,
2019-03-05 14:00:02,8.9,
2019-03-05 14:10:02,9.3,
2019-03-05 14:15:02,9.5,
2019-03-05 14:20:02,9.2,
2019-03-05 14:30:02,8.7,
2019-03-05 14:40:02,8.9,
2019-03-05 14:50:03,9,
2019-03-05 15:00:02,9.1,
2019-03-05 15:10:02,8.7,
2019-03-05 15:20:02,9.1,
2019-03-05 15:30:02,9.2,
2019-03-05 15:40:02,9.3,
2019-03-05 15:50:02,9.3,
2019-03-05 16:00:03,9.4,
2019-03-05 16:05:02,9.4,
2019-03-05 16:10:02,9.2,
2019-03-05 16:20:02,8.6,
2019-03-05 16:30:02,8.3,
2019-03-05 16:40:02,8.1,
2019-03-05 16:50:02,7.9,
2019-03-05 17:00:03,7.6,
2019-03-05 17:10:02,7.7,
2019-03-05 17:20:02,7.2,
2019-03-05 17:30:02,7.6,
2019-03-05 17:40:03,7.7,
2019-03-05 17:50:02,7.5,
2019-03-05 18:00:02,7.1,
2019-03-05 18:10:02,7.1,
2019-03-05 18:20:02,7,
2019-03-05 18:30:02,6.9,
2019-03-05 18:40:02,6.7,
2019-03-05 18:50:02,6.6,
2019-03-05 19:00:03,6.6,
2019-03-05 19:10:02,6.6,
2019-03-05 19:20:02,6.4,
2019-03-05 19:30:03,6.3,
2019-03-05 19:40:03,6.4,
2019-03-05 19:50:02,6.5,
2019-03-05 20:00:03,6.4,
2019-03-05 20:10:03,3.9,
2019-03-05 20:20:03,3.2,
2019-03-05 20:30:02,2.9,
2019-03-05 20:40:02,2.9,
2019-03-05 20:50:02,2.9,
2019-03-05 21:00:03,2.6,
2019-03-05 21:10:02,2.4,
2019-03-05 21:20:03,2.2,
2019-03-05 21:30:03,1.7,
2019-03-05 21:40:03,1.3,
2019-03-05 21:50:02,0.9,
2019-03-05 22:00:02,0.7,
2019-03-05 22:10:02,0.6,
2019-03-05 22:20:02,0.2,
2019-03-05 22:30:02,-0.1,
2019-03-05 22:40:02,-0.4,
2019-03-05 22:50:02,-0.4,
2019-03-05 23:00:03,-0.7,
2019-03-05 23:10:02,-0.9,
2019-03-05 23:15:02,-0.9,
2019-03-05 23:20:02,-0.6,
2019-03-05 23:30:02,-0.6,
2019-03-05 23:40:02,-0.7,
2019-03-05 23:45:02,-1,
2019-03-05 23:50:02,-1.1,
2019-03-05 23:55:02,-1.3,
2019-03-06 00:00:03,-1.1,
2019-03-06 00:10:02,-1.5,
2019-03-06 00:20:03,-1.4,
2019-03-06 00:30:02,-1.4,
2019-03-06 00:40:02,-1.4,
2019-03-06 00:50:02,-1.7,
2019-03-06 01:00:02,-1.6,
2019-03-06 01:10:02,-2,
2019-03-06 01:20:02,-2.1,
2019-03-06 01:30:03,-2.2,
2019-03-06 01:40:03,-2.4,
2019-03-06 01:50:02,-2.1,
2019-03-06 02:00:03,-2.3,
2019-03-06 02:10:02,-2.4,
2019-03-06 02:20:02,-2.6,
2019-03-06 02:30:02,-2.7,
2019-03-06 02:40:02,-2.7,
2019-03-06 02:50:02,-2.9,
2019-03-06 03:00:03,-2.8,
2019-03-06 03:10:02,-2.9,
2019-03-06 03:20:02,-2.9,
2019-03-06 03:30:02,-3.1,
2019-03-06 03:40:02,-2.9,
2019-03-06 03:50:02,-2.9,
2019-03-06 04:00:02,-2.9,
2019-03-06 04:10:02,-2.9,
2019-03-06 04:20:03,-3.3,
2019-03-06 04:30:02,-3.3,
2019-03-06 04:40:02,-3.7,
2019-03-06 04:50:03,-4,
2019-03-06 05:00:02,-3.9,
2019-03-06 05:10:02,-3.9,
2019-03-06 05:20:02,-3.7,
2019-03-06 05:25:02,-4,
2019-03-06 05:30:02,-3.9,
2019-03-06 05:40:02,-3.9,
2019-03-06 05:45:02,-4,
2019-03-06 05:50:02,-3.9,
2019-03-06 06:00:02,-3.6,
2019-03-06 06:10:02,-3.9,
2019-03-06 06:20:02,-3.9,
2019-03-06 06:25:02,-4,
2019-03-06 06:30:02,-4,
2019-03-06 06:40:02,-3.7,
2019-03-06 06:50:02,-3.6,
2019-03-06 07:00:03,-3.3,
2019-03-06 07:10:02,-2.9,
2019-03-06 07:20:02,-2.6,
2019-03-06 07:30:02,-1.6,
2019-03-06 07:40:02,-1,
2019-03-06 07:50:02,-0.8,
2019-03-06 08:00:02,-0.7,
2019-03-06 08:10:02,-0.6,
2019-03-06 08:20:02,-0.7,
2019-03-06 08:30:02,-0.4,
2019-03-06 08:40:02,-0.3,
2019-03-06 08:50:02,-0.1,
2019-03-06 09:00:02,0.3,
2019-03-06 09:10:02,0.6,
2019-03-06 09:20:02,0.9,
2019-03-06 09:30:02,1.4,
2019-03-06 09:40:03,2.4,
2019-03-06 09:50:02,3.1,
2019-03-06 10:00:02,3.7,
2019-03-06 10:10:02,4.1,
2019-03-06 10:20:02,4.4,
2019-03-06 10:30:02,4.5,
2019-03-06 10:40:02,4.8,
2019-03-06 10:50:02,4.7,
2019-03-06 11:00:02,5.1,
2019-03-06 11:10:02,5.4,
2019-03-06 11:20:02,6.3,
2019-03-06 11:30:02,5.9,
2019-03-06 11:40:02,6.3,
2019-03-06 11:50:02,6.4,
2019-03-06 12:00:02,6.8,
2019-03-06 12:10:03,7.6,
2019-03-06 12:20:02,7.4,
2019-03-06 12:30:04,7.4,
2019-03-06 12:40:02,7.3,
2019-03-06 12:50:02,7.3,
2019-03-06 13:00:02,7.1,
2019-03-06 13:10:03,7.3,
2019-03-06 13:20:02,7.7,
2019-03-06 13:30:04,7.5,
2019-03-06 13:40:02,7.7,
2019-03-06 13:50:03,8.1,
2019-03-06 14:00:02,7.9,
2019-03-06 14:10:02,7.8,
2019-03-06 14:20:02,8.3,
2019-03-06 14:30:03,8.4,
2019-03-06 14:40:02,8.4,
2019-03-06 14:50:03,8,
2019-03-06 15:00:02,8.4,
2019-03-06 15:10:02,8.7,
2019-03-06 15:15:03,8.6,
2019-03-06 15:20:02,8.5,
2019-03-06 15:30:02,8.2,
2019-03-06 15:40:02,8.4,
2019-03-06 15:45:02,8.5,
2019-03-06 15:50:02,8.6,
2019-03-06 16:00:02,7.9,
2019-03-06 16:10:02,8.3,
2019-03-06 16:20:02,7.9,
2019-03-06 16:30:03,8.2,
2019-03-06 16:40:02,7.9,
2019-03-06 16:50:02,8.2,
2019-03-06 17:00:02,7.9,
2019-03-06 17:10:02,7.9,
2019-03-06 17:20:02,7.5,
2019-03-06 17:30:02,7.5,
2019-03-06 17:40:03,7.4,
2019-03-06 17:50:03,7.2,
2019-03-06 18:00:03,7,
2019-03-06 18:10:02,6.9,
2019-03-06 18:20:02,6.6,
2019-03-06 18:30:02,6.6,
2019-03-06 18:40:02,6.6,
2019-03-06 18:50:02,6.4,
2019-03-06 19:00:02,6.4,
2019-03-06 19:10:02,6.4,
2019-03-06 19:20:02,6.4,
2019-03-06 19:30:02,6.4,
2019-03-06 19:40:02,6.4,
2019-03-06 19:50:02,6.3,
2019-03-06 20:00:02,6.1,
2019-03-06 20:10:02,6.2,
2019-03-06 20:20:02,6.1,
2019-03-06 20:30:03,6.3,
2019-03-06 20:40:02,6.2,
2019-03-06 20:50:02,6.2,
2019-03-06 21:00:02,6.3,
2019-03-06 21:10:02,6.2,
2019-03-06 21:20:02,6.2,
2019-03-06 21:30:02,6.1,
2019-03-06 21:40:03,6.1,
2019-03-06 21:50:02,6.1,
2019-03-06 22:00:03,6.1,
2019-03-06 22:10:02,5.9,
2019-03-06 22:20:02,6,
2019-03-06 22:30:02,6,
2019-03-06 22:40:08,5.9,
2019-03-06 22:50:02,5.7,
2019-03-06 23:00:03,5.7,
2019-03-06 23:10:02,5.6,
2019-03-06 23:20:02,5.5,
2019-03-06 23:30:02,5.3,
2019-03-06 23:40:02,5.3,
2019-03-06 23:50:02,5.2,
2019-03-07 00:00:02,5.3,
2019-03-07 00:10:02,5.3,
2019-03-07 00:20:02,5.1,
2019-03-07 00:30:03,5.1,
2019-03-07 00:40:03,5.1,
2019-03-07 00:50:02,4.9,
2019-03-07 01:00:02,4.9,
2019-03-07 01:10:02,4.9,
2019-03-07 01:20:02,4.8,
2019-03-07 01:30:02,4.8,
2019-03-07 01:40:02,4.7,
2019-03-07 01:50:02,4.7,
2019-03-07 02:00:03,4.7,
2019-03-07 02:10:02,4.7,
2019-03-07 02:20:02,4.7,
2019-03-07 02:30:02,4.6,
2019-03-07 02:40:02,4,
2019-03-07 02:50:02,4.1,
2019-03-07 03:00:02,3.7,
2019-03-07 03:10:02,4.1,
2019-03-07 03:20:03,3.8,
2019-03-07 03:30:02,3.7,
2019-03-07 03:40:02,3.3,
2019-03-07 03:50:02,3.4,
2019-03-07 04:00:02,3.6,
2019-03-07 04:10:02,3.8,
2019-03-07 04:20:02,4,
2019-03-07 04:30:03,4,
2019-03-07 04:40:03,3.9,
2019-03-07 04:50:02,3.9,
2019-03-07 05:00:02,3.9,
2019-03-07 05:10:02,4.1,
2019-03-07 05:20:02,4.2,
2019-03-07 05:30:02,3.9,
2019-03-07 05:40:02,3.8,
2019-03-07 05:50:02,3.3,
2019-03-07 06:00:03,3.3,
2019-03-07 06:10:02,3.1,
2019-03-07 06:20:02,2.6,
2019-03-07 06:25:02,2.5,
2019-03-07 06:30:02,2.4,
2019-03-07 06:35:02,2.6,
2019-03-07 06:40:02,2.6,
2019-03-07 06:45:02,2.5,
2019-03-07 06:50:03,2.7,
2019-03-07 07:00:02,2.9,
2019-03-07 07:10:03,3.1,
2019-03-07 07:20:02,3.5,
2019-03-07 07:30:02,3.6,
2019-03-07 07:40:02,4,
2019-03-07 07:50:03,4.7,
2019-03-07 08:00:02,5,
2019-03-07 08:10:02,5.4,
2019-03-07 08:20:02,5.4,
2019-03-07 08:30:02,5.9,
2019-03-07 08:40:02,5.9,
2019-03-07 08:50:02,6.6,
2019-03-07 09:00:02,7.2,
2019-03-07 09:10:02,7.4,
2019-03-07 09:20:03,8.4,
2019-03-07 09:30:02,8.7,
2019-03-07 09:40:02,8.9,
2019-03-07 09:50:02,9.1,
2019-03-07 10:00:02,10,
2019-03-07 10:10:02,10.4,
2019-03-07 10:20:02,10.7,
2019-03-07 10:30:02,10.4,
2019-03-07 10:40:02,10.6,
2019-03-07 10:50:02,10.4,
2019-03-07 11:00:02,10.7,
2019-03-07 11:10:02,11.3,
2019-03-07 11:20:02,11.2,
2019-03-07 11:30:02,11.6,
2019-03-07 11:40:02,11.6,
2019-03-07 11:50:02,11.5,
2019-03-07 12:00:02,11.4,
2019-03-07 12:10:03,12.4,
2019-03-07 12:20:02,12.6,
2019-03-07 12:30:03,12.4,
2019-03-07 12:35:02,12.6,
2019-03-07 12:40:02,12.4,
2019-03-07 12:50:02,12.4,
2019-03-07 13:00:02,12.4,
2019-03-07 13:10:02,12.1,
2019-03-07 13:20:02,12.1,
2019-03-07 13:30:02,12.6,
2019-03-07 13:40:03,12,
2019-03-07 13:50:02,12.2,
2019-03-07 14:00:02,12.3,
2019-03-07 14:10:02,12.1,
2019-03-07 14:20:02,12.5,
2019-03-07 14:30:02,12.1,
2019-03-07 14:40:02,12.4,
2019-03-07 14:45:02,12.6,
2019-03-07 14:50:03,12.3,
2019-03-07 15:00:02,12.9,
2019-03-07 15:10:03,11.6,
2019-03-07 15:20:02,12.2,
2019-03-07 15:30:02,12,
2019-03-07 15:40:02,12.1,
2019-03-07 15:50:02,11.6,
2019-03-07 16:00:02,11.2,
2019-03-07 16:10:02,11.2,
2019-03-07 16:20:02,11.1,
2019-03-07 16:30:02,11.1,
2019-03-07 16:40:03,10.9,
2019-03-07 16:50:02,10.7,
2019-03-07 17:00:02,10.7,
2019-03-07 17:10:02,11,
2019-03-07 17:20:02,10.7,
2019-03-07 17:30:03,10.7,
2019-03-07 17:40:02,10.8,
2019-03-07 17:50:02,10.4,
2019-03-07 18:00:03,10.4,
2019-03-07 18:10:02,10.3,
2019-03-07 18:20:02,10.1,
2019-03-07 18:30:02,10.1,
2019-03-07 18:40:02,9.9,
2019-03-07 18:50:02,9.9,
2019-03-07 19:00:02,9.7,
2019-03-07 19:10:02,9.7,
2019-03-07 19:20:03,9.6,
2019-03-07 19:30:02,9.7,
2019-03-07 19:40:02,10,
2019-03-07 19:50:02,9.6,
2019-03-07 20:00:02,9.6,
2019-03-07 20:10:02,9.3,
2019-03-07 20:20:02,9.3,
2019-03-07 20:30:03,9.1,
2019-03-07 20:40:03,8.8,
2019-03-07 20:50:02,8.7,
2019-03-07 21:00:02,8.9,
2019-03-07 21:10:02,8.9,
2019-03-07 21:20:02,8.7,
2019-03-07 21:30:02,8.7,
2019-03-07 21:40:02,8.6,
2019-03-07 21:50:02,8.7,
2019-03-07 22:00:03,8.6,
2019-03-07 22:10:02,8.4,
2019-03-07 22:20:02,8.6,
2019-03-07 22:30:02,8.2,
2019-03-07 22:40:02,7.7,
2019-03-07 22:50:02,7.7,
2019-03-07 23:00:02,7.7,
2019-03-07 23:10:02,7.9,
2019-03-07 23:20:03,7.7,
2019-03-07 23:30:02,7.8,
2019-03-07 23:40:02,7.6,
2019-03-07 23:50:02,7.6,
2019-03-08 00:00:03,7.6,
2019-03-08 00:10:02,7.6,
2019-03-08 00:20:02,7.6,
2019-03-08 00:30:02,7.4,
2019-03-08 00:40:03,7.4,
2019-03-08 00:50:02,7.3,
2019-03-08 01:00:02,7.1,
2019-03-08 01:10:02,7.1,
2019-03-08 01:20:02,7.1,
2019-03-08 01:30:02,7.1,
2019-03-08 01:40:02,6.9,
2019-03-08 01:50:03,6.7,
2019-03-08 02:00:03,6.7,
2019-03-08 02:10:02,6.7,
2019-03-08 02:20:02,6.7,
2019-03-08 02:30:02,6.7,
2019-03-08 02:40:02,6.6,
2019-03-08 02:50:02,6.6,
2019-03-08 03:00:02,6.6,
2019-03-08 03:10:02,6.6,
2019-03-08 03:20:02,6.5,
2019-03-08 03:30:02,6.5,
2019-03-08 03:40:02,6.4,
2019-03-08 03:50:02,6.5,
2019-03-08 04:00:02,6.6,
2019-03-08 04:10:02,6.8,
2019-03-08 04:20:02,7,
2019-03-08 04:30:03,6.9,
2019-03-08 04:40:03,6.7,
2019-03-08 04:50:02,6.6,
2019-03-08 05:00:02,6.6,
2019-03-08 05:10:02,6.4,
2019-03-08 05:20:02,6.6,
2019-03-08 05:30:02,6.3,
2019-03-08 05:40:02,6.1,
2019-03-08 05:50:02,6.1,
2019-03-08 06:00:03,6,
2019-03-08 06:10:02,6,
2019-03-08 06:20:02,6.1,
2019-03-08 06:30:02,6.1,
2019-03-08 06:40:02,6.1,
2019-03-08 06:50:02,6,
2019-03-08 07:00:02,6.1,
2019-03-08 07:10:03,6.3,
2019-03-08 07:20:02,6.3,
2019-03-08 07:30:02,6.5,
2019-03-08 07:40:02,6.9,
2019-03-08 07:50:02,6.7,
2019-03-08 08:00:03,7.1,
2019-03-08 08:10:02,7.3,
2019-03-08 08:20:02,7.6,
2019-03-08 08:30:03,8,
2019-03-08 08:40:02,8.2,
2019-03-08 08:50:02,8.4,
2019-03-08 09:00:02,8.7,
2019-03-08 09:10:02,9.4,
2019-03-08 09:20:02,9.7,
2019-03-08 09:30:02,10.3,
2019-03-08 09:40:02,10.4,
2019-03-08 09:50:02,10.7,
2019-03-08 10:00:02,10.9,
2019-03-08 10:10:02,10.9,
2019-03-08 10:20:02,11.1,
2019-03-08 10:30:02,11,
2019-03-08 10:40:02,10.6,
2019-03-08 10:50:02,11.4,
2019-03-08 11:00:03,11.2,
2019-03-08 11:10:02,11.4,
2019-03-08 11:20:02,11.6,
2019-03-08 11:30:02,11.6,
2019-03-08 11:40:02,11.7,
2019-03-08 11:45:02,12.1,
2019-03-08 11:50:02,11.7,
2019-03-08 12:00:02,11.9,
2019-03-08 12:10:02,11.4,
2019-03-08 12:20:02,11.2,
2019-03-08 12:30:03,11.7,
2019-03-08 12:40:07,12.1,
2019-03-08 12:50:02,12,
2019-03-08 13:00:02,11.9,
2019-03-08 13:10:02,11.1,
2019-03-08 13:20:02,10.7,
2019-03-08 13:30:02,11.2,
2019-03-08 13:40:03,11.1,
2019-03-08 13:50:02,11.1,
2019-03-08 14:00:04,11.1,
2019-03-08 14:10:02,11.1,
2019-03-08 14:20:02,11.9,
2019-03-08 14:30:02,12.6,
2019-03-08 14:35:02,12.7,
2019-03-08 14:40:02,12.4,
2019-03-08 14:45:02,12.1,
2019-03-08 14:50:02,11.9,
2019-03-08 15:00:02,11.5,
2019-03-08 15:10:02,11.1,
2019-03-08 15:20:03,10.7,
2019-03-08 15:30:02,10.4,
2019-03-08 15:40:02,10.7,
2019-03-08 15:50:02,11.1,
2019-03-08 16:00:02,10.9,
2019-03-08 16:10:03,10.7,
2019-03-08 16:20:02,10.6,
2019-03-08 16:30:02,10.3,
2019-03-08 16:40:03,10.2,
2019-03-08 16:50:02,10,
2019-03-08 17:00:02,9.9,
2019-03-08 17:10:02,9.9,
2019-03-08 17:20:02,9.6,
2019-03-08 17:30:02,9.3,
2019-03-08 17:40:03,8.8,
2019-03-08 17:50:03,8.8,
2019-03-08 18:00:03,8.3,
2019-03-08 18:10:02,7.9,
2019-03-08 18:20:02,7.4,
2019-03-08 18:30:02,7.2,
2019-03-08 18:40:02,6.4,
2019-03-08 18:50:02,5.9,
2019-03-08 19:00:02,5.9,
2019-03-08 19:10:02,5.8,
2019-03-08 19:20:03,5.8,
2019-03-08 19:30:02,5.7,
2019-03-08 19:40:02,4.9,
2019-03-08 19:50:02,4.6,
2019-03-08 20:00:02,4,
2019-03-08 20:10:02,4.4,
2019-03-08 20:20:02,4.6,
2019-03-08 20:30:02,4.4,
2019-03-08 20:40:03,4.3,
2019-03-08 20:50:03,4.1,
2019-03-08 21:00:02,4.6,
2019-03-08 21:10:02,5.1,
2019-03-08 21:20:05,5.5,
2019-03-08 21:30:02,5.2,
2019-03-08 21:40:02,4.2,
2019-03-08 21:50:02,3.9,
2019-03-08 22:00:03,3.1,
2019-03-08 22:10:03,2.8,
2019-03-08 22:20:02,2.8,
2019-03-08 22:30:02,2.4,
2019-03-08 22:35:02,2.2,
2019-03-08 22:40:02,2.1,
2019-03-08 22:45:02,2.1,
2019-03-08 22:50:02,1.7,
2019-03-08 23:00:02,2.7,
2019-03-08 23:10:02,3.1,
2019-03-08 23:20:02,3.4,
2019-03-08 23:30:03,3.6,
2019-03-08 23:40:02,3.4,
2019-03-08 23:50:02,2.6,
2019-03-08 23:55:03,2.4,
2019-03-09 00:00:03,1.9,
2019-03-09 00:10:02,1.1,
2019-03-09 00:20:02,0.9,
2019-03-09 00:30:02,1.1,
2019-03-09 00:40:02,0.7,
2019-03-09 00:50:02,0.6,
2019-03-09 01:00:02,0.3,
2019-03-09 01:10:02,0.2,
2019-03-09 01:20:02,0.1,
2019-03-09 01:30:02,0.2,
2019-03-09 01:40:02,0,
2019-03-09 01:50:02,-0.3,
2019-03-09 02:00:03,-0.1,
2019-03-09 02:10:03,0,
2019-03-09 02:20:02,-0.3,
2019-03-09 02:30:02,-0.3,
2019-03-09 02:40:02,-0.2,
2019-03-09 02:50:02,-0.1,
2019-03-09 03:00:02,-0.3,
2019-03-09 03:10:02,0.1,
2019-03-09 03:20:02,0,
2019-03-09 03:30:03,-0.1,
2019-03-09 03:40:02,0.2,
2019-03-09 03:50:02,0.2,
2019-03-09 04:00:02,0.1,
2019-03-09 04:10:02,0.1,
2019-03-09 04:20:02,0,
2019-03-09 04:30:02,-0.1,
2019-03-09 04:40:02,0.3,
2019-03-09 04:50:02,0.3,
2019-03-09 05:00:03,0.3,
2019-03-09 05:10:02,0.1,
2019-03-09 05:20:02,0.1,
2019-03-09 05:30:02,-0.1,
2019-03-09 05:40:02,-0.2,
2019-03-09 05:45:02,-0.4,
2019-03-09 05:50:02,-0.4,
2019-03-09 05:55:02,-0.3,
2019-03-09 06:00:02,-0.3,
2019-03-09 06:10:03,-0.1,
2019-03-09 06:20:02,-0.3,
2019-03-09 06:25:02,-0.4,
2019-03-09 06:30:02,-0.3,
2019-03-09 06:40:02,0,
2019-03-09 06:50:02,0.3,
2019-03-09 07:00:03,0.4,
2019-03-09 07:10:02,0.6,
2019-03-09 07:20:03,0.5,
2019-03-09 07:30:02,1.4,
2019-03-09 07:40:02,2.3,
2019-03-09 07:50:02,2.6,
2019-03-09 08:00:02,2.7,
2019-03-09 08:10:02,4.1,
2019-03-09 08:20:02,4,
2019-03-09 08:30:02,4.7,
2019-03-09 08:40:02,4.8,
2019-03-09 08:50:02,4.9,
2019-03-09 09:00:03,5.1,
2019-03-09 09:10:02,5.2,
2019-03-09 09:20:02,5.5,
2019-03-09 09:30:02,6,
2019-03-09 09:40:02,5.7,
2019-03-09 09:50:02,6.3,
2019-03-09 10:00:02,6.6,
2019-03-09 10:10:02,6.7,
2019-03-09 10:20:02,7.1,
2019-03-09 10:30:02,7.4,
2019-03-09 10:40:02,7.1,
2019-03-09 10:50:02,7.3,
2019-03-09 11:00:02,7.4,
2019-03-09 11:10:02,7.1,
2019-03-09 11:20:02,6.7,
2019-03-09 11:30:02,6.6,
2019-03-09 11:40:03,6.9,
2019-03-09 11:50:02,6.9,
2019-03-09 12:00:02,7.1,
2019-03-09 12:10:02,7.5,
2019-03-09 12:20:02,7.7,
2019-03-09 12:30:02,9,
2019-03-09 12:40:02,8.7,
2019-03-09 12:50:02,8.7,
2019-03-09 13:00:02,8.8,
2019-03-09 13:10:03,8.4,
2019-03-09 13:20:02,9.5,
2019-03-09 13:30:02,9.8,
2019-03-09 13:40:02,9.5,
2019-03-09 13:50:02,9.3,
2019-03-09 14:00:03,9.3,
2019-03-09 14:10:02,9.8,
2019-03-09 14:20:03,10,
2019-03-09 14:25:02,10.3,
2019-03-09 14:30:02,9.8,
2019-03-09 14:40:02,10.1,
2019-03-09 14:50:02,10.1,
2019-03-09 15:00:02,10.4,
2019-03-09 15:05:02,10.4,
2019-03-09 15:10:02,10.3,
2019-03-09 15:15:02,10.3,
2019-03-09 15:20:02,10.2,
2019-03-09 15:30:02,10,
2019-03-09 15:40:03,10,
2019-03-09 15:50:03,9.9,
2019-03-09 16:00:02,9.9,
2019-03-09 16:10:02,9.9,
2019-03-09 16:20:02,9.7,
2019-03-09 16:30:02,9.6,
2019-03-09 16:40:02,9.6,
2019-03-09 16:50:02,9.3,
2019-03-09 17:00:03,9.1,
2019-03-09 17:10:03,9,
2019-03-09 17:20:02,9.1,
2019-03-09 17:30:02,9.1,
2019-03-09 17:40:02,8.7,
2019-03-09 17:50:02,8.7,
2019-03-09 18:00:02,8.9,
2019-03-09 18:10:02,8.9,
2019-03-09 18:20:03,8.7,
2019-03-09 18:30:03,8.7,
2019-03-09 18:40:02,8.6,
2019-03-09 18:50:02,8.3,
2019-03-09 19:00:02,8.1,
2019-03-09 19:10:02,8,
2019-03-09 19:20:02,7.9,
2019-03-09 19:30:02,7.8,
2019-03-09 19:40:02,7.7,
2019-03-09 19:50:03,7.6,
2019-03-09 20:00:03,7.7,
2019-03-09 20:10:02,7.5,
2019-03-09 20:20:02,7.3,
2019-03-09 20:30:02,7.3,
2019-03-09 20:40:02,6.4,
2019-03-09 20:50:03,6.4,
2019-03-09 21:00:08,6.1,
2019-03-09 21:10:03,5.8,
2019-03-09 21:20:02,5.9,
2019-03-09 21:30:02,5.9,
2019-03-09 21:40:02,6.2,
2019-03-09 21:50:02,6.3,
2019-03-09 22:00:02,6.2,
2019-03-09 22:10:02,6.4,
2019-03-09 22:20:02,6.7,
2019-03-09 22:30:02,6.7,
2019-03-09 22:40:03,7.1,
2019-03-09 22:50:02,7.1,
2019-03-09 23:00:02,6.7,
2019-03-09 23:10:02,6.6,
2019-03-09 23:20:02,6.3,
2019-03-09 23:30:02,6.9,
2019-03-09 23:40:02,4.5,
2019-03-09 23:50:02,4.7,
2019-03-10 00:00:03,4.6,
2019-03-10 00:05:02,4.3,
2019-03-10 00:10:02,4.1,
2019-03-10 00:15:02,4.1,
2019-03-10 00:20:02,3.9,
2019-03-10 00:25:02,4.3,
2019-03-10 00:30:02,4.1,
2019-03-10 00:35:02,4.1,
2019-03-10 00:40:02,4.2,
2019-03-10 00:45:02,4.4,
2019-03-10 00:50:02,4.3,
2019-03-10 00:55:02,4.3,
2019-03-10 01:00:02,4.1,
2019-03-10 01:05:02,4.1,
2019-03-10 01:10:02,4.3,
2019-03-10 01:15:03,4,
2019-03-10 01:20:02,4,
2019-03-10 01:25:03,3.9,
2019-03-10 01:30:02,4.1,
2019-03-10 01:35:02,3.7,
2019-03-10 01:40:02,3.5,
2019-03-10 01:45:02,3.4,
2019-03-10 01:50:02,3.3,
2019-03-10 01:55:02,3.3,
2019-03-10 02:00:02,3.3,
2019-03-10 02:05:02,3.6,
2019-03-10 02:10:02,3.6,
2019-03-10 02:15:03,3.7,
2019-03-10 02:20:02,3.9,
2019-03-10 02:25:02,3.9,
2019-03-10 02:30:02,3.9,
2019-03-10 02:35:02,3.9,
2019-03-10 02:40:02,4.2,
2019-03-10 02:45:03,4,
2019-03-10 02:50:02,4.1,
2019-03-10 02:55:03,4.3,
2019-03-10 03:00:02,4.3,
2019-03-10 03:05:02,4.4,
2019-03-10 03:10:02,4.5,
2019-03-10 03:15:02,4.7,
2019-03-10 03:20:02,4.9,
2019-03-10 03:25:02,4.9,
2019-03-10 03:30:02,4.9,
2019-03-10 03:35:02,4.6,
2019-03-10 03:40:02,4.6,
2019-03-10 03:45:02,5.1,
2019-03-10 03:50:02,5.2,
2019-03-10 03:55:02,5.1,
2019-03-10 04:00:03,5.3,
2019-03-10 04:05:02,5.3,
2019-03-10 04:10:03,5,
2019-03-10 04:15:02,5.1,
2019-03-10 04:20:02,5.3,
2019-03-10 04:25:02,5.1,
2019-03-10 04:30:02,5.1,
2019-03-10 04:35:02,4.9,
2019-03-10 04:40:02,4.6,
2019-03-10 04:45:02,4.7,
2019-03-10 04:50:02,4.6,
2019-03-10 04:55:02,4.6,
2019-03-10 05:00:02,4.5,
2019-03-10 05:05:02,4.5,
2019-03-10 05:10:02,4.4,
2019-03-10 05:15:02,4.3,
2019-03-10 05:20:02,4.1,
2019-03-10 05:25:02,3.8,
2019-03-10 05:30:02,3.6,
2019-03-10 05:35:03,3.5,
2019-03-10 05:40:03,3.4,
2019-03-10 05:45:02,3.4,
2019-03-10 05:50:02,3.5,
2019-03-10 05:55:02,3.5,
2019-03-10 06:00:02,3.5,
2019-03-10 06:05:02,3.4,
2019-03-10 06:10:02,3.3,
2019-03-10 06:15:02,3.4,
2019-03-10 06:20:02,3.4,
2019-03-10 06:25:02,3.5,
2019-03-10 06:30:02,3.5,
2019-03-10 06:35:02,3.6,
2019-03-10 06:40:02,3.6,
2019-03-10 06:45:03,3.7,
2019-03-10 06:50:02,3.9,
2019-03-10 06:55:02,3.9,
2019-03-10 07:00:02,4.2,
2019-03-10 07:05:02,4.3,
2019-03-10 07:10:02,4.4,
2019-03-10 07:15:02,4.5,
2019-03-10 07:20:02,4.5,
2019-03-10 07:25:03,4.7,
2019-03-10 07:30:03,4.9,
2019-03-10 07:35:02,5.2,
2019-03-10 07:40:02,5.3,
2019-03-10 07:45:02,5.4,
2019-03-10 07:50:02,5.4,
2019-03-10 07:55:02,5.4,
2019-03-10 08:00:02,5.4,
2019-03-10 08:05:02,5.5,
2019-03-10 08:10:02,5.6,
2019-03-10 08:15:02,5.6,
2019-03-10 08:20:02,5.7,
2019-03-10 08:25:02,5.8,
2019-03-10 08:30:02,5.9,
2019-03-10 08:35:02,5.9,
2019-03-10 08:40:02,5.9,
2019-03-10 08:45:03,5.9,
2019-03-10 08:50:02,5.8,
2019-03-10 08:55:03,5.9,
2019-03-10 09:00:02,6,
2019-03-10 09:05:02,6,
2019-03-10 09:10:02,6,
2019-03-10 09:15:02,6.1,
2019-03-10 09:20:02,6.1,
2019-03-10 09:25:02,6.1,
2019-03-10 09:30:02,6.1,
2019-03-10 09:35:02,6.1,
2019-03-10 09:40:02,6.1,
2019-03-10 09:45:02,6.1,
2019-03-10 09:50:02,6,
2019-03-10 09:55:02,6,
2019-03-10 10:00:03,5.7,
2019-03-10 10:05:02,5.7,
2019-03-10 10:10:03,5.7,
2019-03-10 10:15:03,5.7,
2019-03-10 10:20:02,5.8,
2019-03-10 10:25:02,6,
2019-03-10 10:30:02,6.1,
2019-03-10 10:35:02,6,
2019-03-10 10:40:02,6,
2019-03-10 10:45:02,6.1,
2019-03-10 10:50:02,5.9,
2019-03-10 10:55:02,5.9,
2019-03-10 11:00:02,5.8,
2019-03-10 11:05:02,5.7,
2019-03-10 11:10:02,5.9,
2019-03-10 11:15:02,5.9,
2019-03-10 11:20:02,6,
2019-03-10 11:25:02,5.9,
2019-03-10 11:30:02,5.7,
2019-03-10 11:35:03,5.7,
2019-03-10 11:40:02,5.9,
2019-03-10 11:45:02,5.9,
2019-03-10 11:50:02,5.9,
2019-03-10 11:55:02,5.9,
2019-03-10 12:00:02,5.8,
2019-03-10 12:05:02,5.9,
2019-03-10 12:10:02,6,
2019-03-10 12:15:02,6.2,
2019-03-10 12:20:02,6.1,
2019-03-10 12:25:02,6.1,
2019-03-10 12:30:08,6,
2019-03-10 12:35:02,6,
2019-03-10 12:40:02,6.1,
2019-03-10 12:45:02,6.3,
2019-03-10 12:50:02,6.3,
2019-03-10 12:55:03,6.4,
2019-03-10 13:00:03,6.6,
2019-03-10 13:05:02,6.4,
2019-03-10 13:10:02,6.4,
2019-03-10 13:15:02,6.6,
2019-03-10 13:20:02,6.6,
2019-03-10 13:25:02,6.7,
2019-03-10 13:30:02,6.7,
2019-03-10 13:35:02,6.6,
2019-03-10 13:40:02,6.6,
2019-03-10 13:45:02,6.6,
2019-03-10 13:50:02,6.7,
2019-03-10 13:55:02,6.6,
2019-03-10 14:00:02,6.6,
2019-03-10 14:05:02,6.5,
2019-03-10 14:10:03,6.4,
2019-03-10 14:15:03,6.4,
2019-03-10 14:20:03,6.4,
2019-03-10 14:25:02,6.6,
2019-03-10 14:30:02,6.6,
2019-03-10 14:35:02,6.6,
2019-03-10 14:40:02,6.6,
2019-03-10 14:45:02,6.6,
2019-03-10 14:50:02,6.6,
2019-03-10 14:55:02,6.6,
2019-03-10 15:00:02,6.7,
2019-03-10 15:05:02,7.2,
2019-03-10 15:10:02,7.3,
2019-03-10 15:15:02,7.5,
2019-03-10 15:20:02,7.4,
2019-03-10 15:25:02,7.3,
2019-03-10 15:30:02,7.4,
2019-03-10 15:35:02,7.7,
2019-03-10 15:40:03,7.5,
2019-03-10 15:45:02,7.4,
2019-03-10 15:50:02,7.6,
2019-03-10 15:55:02,7.4,
2019-03-10 16:00:02,7.7,
2019-03-10 16:05:02,8.1,
2019-03-10 16:10:02,7.6,
